Language,English,Abkhazian,Afar,Afrikaans,Albanian,Amharic,Arabic,Aragonese,Armenian,Assamese,Aymara,Azerbaijani,Bashkir,Basque,Bengali(Bangla),Bhutani,Bihari,Bislama,Breton,Bulgarian,Burmese,Byelorussian(Belarusian),Cambodian,Catalan,Chinese,Chinese(simplified),Chinese(traditional),Corsican,Croatian,Czech,Danish,Esperanto,Estonian,Faeroese,Farsi,Fiji,Finnish,French,Frisian,Gaelic(Scottish),Gaelic(Manx),Galician,Georgian,German,Greek,Kalaallisut(Greenlandic),Guarani,Gujarati,HaitianCreole,Hausa,Hebrew,Hebrew_1,Hindi,Hungarian,Icelandic,Ido,Indonesian,Indonesian_2,Interlingua,Interlingue,Inuktitut,Inupiak,Irish,Italian,Japanese,Javanese,Kannada,Kashmiri,Kazakh,Kinyarwanda(Ruanda),Kirghiz,Kirundi(Rundi),Korean,Kurdish,Laothian,Latin,Latvian(Lettish),Limburgish(Limburger),Lingala,Lithuanian,Macedonian,Malagasy,Malay,Malayalam,Maltese,Maori,Marathi,Moldavian,Mongolian,Nauru,Nepali,Dutch,Norwegian,Occitan,Oriya,Oromo(AfanGalla),Pashto(Pushto),Polish,Portuguese,Brazilian Portuguese,Punjabi,Quechua,Rhaeto-Romance,Romanian,Russian,Samoan,Sango,Sanskrit,Serbian,Serbo-Croatian,Sesotho,Setswana,Shona,SichuanYi,Sindhi,Sinhalese,Siswati,Slovak,Slovenian,Somali,Spanish,Sundanese,Swahili(Kiswahili),Swedish,Tagalog,Tajik,Tamil,Tatar,Telugu,Thai,Tibetan,Tigrinya,Tonga,Tsonga,Turkish,Turkmen,Twi,Uighur,Ukrainian,Urdu,Uzbek,Vietnamese,VolapÃ¼k,Wallon,Welsh,Wolof,Xhosa,Yiddish,Yiddish_3,Yoruba,Zulu
ISO639-1Code,en,ab,aa,af,sq,am,ar,an,hy,as,ay,az,ba,eu,bn,dz,bh,bi,br,bg,my,be,km,ca,zh,zh-Hans,zh-Hant,co,hr,cs,da,eo,et,fo,fa,fj,fi,fr,fy,gd,gv,gl,ka,de,el,kl,gn,gu,ht,ha,he,iw,hi,hu,is,io,id,in,ia,ie,iu,ik,ga,it,ja,jv,kn,ks,kk,rw,ky,rn,ko,ku,lo,la,lv,li,ln,lt,mk,mg,ms,ml,mt,mi,mr,mo,mn,na,ne,nl,no,oc,or,om,ps,pl,pt,pt-BR,pa,qu,rm,ro,ru,sm,sg,sa,sr,sh,st,tn,sn,ii,sd,si,ss,sk,sl,so,es,su,sw,sv,tl,tg,ta,tt,te,th,bo,ti,to,ts,tr,tk,tw,ug,uk,ur,uz,vi,vo,wa,cy,wo,xh,yi,ji,yo,zu
auth.back-to-login,Back to Login,,,,,,,,,,,,,,,,,,,,,,,,,è¿”å›žç™»é™†ç•Œé¢,,,,ZpÄ›t na pÅ™ihlÃ¡Å¡enÃ­,,,,,,,,Se connecter,,,,,,,,,,,,,,,,,,,,,,,,,,,,,,,,,,,,,,,,,,,,,,,,,,,,,,Terug naar Inloggen,,,,,,PowrÃ³t do logowania,,,,,,,Ð’ÐµÑ€Ð½ÑƒÑ‚ÑŒÑÑ Ðº Ð°Ð²Ñ‚Ð¾Ñ€Ð¸Ð·Ð°Ñ†Ð¸Ð¸,,,,,,,,,,,,,,,,,,,,,,,,,,,,,,,,,,,,,,,,,,,,,,
auth.choose-password,Choose password,,,,,,,,,,,,,,,,,,,,,,,,,é€‰æ‹©å¯†ç ,,,,Vyberte heslo,,,,,,,,Choisir un mot de passe,,,,,,,,,,,,,,,,,,,,,,,,,,,,,,,,,,,,,,,,,,,,,,,,,,,,,,Kies wachtwoord,,,,,,Wybierz hasÅ‚o,,,,,,,Ð’Ð²ÐµÐ´Ð¸Ñ‚Ðµ Ð¿Ð°Ñ€Ð¾Ð»ÑŒ,,,,,,,,,,,,,,,,,,,,,,,,,,,,,,,,,,,,,,,,,,,,,,
auth.email,Email,,,,,,,,,,,,,,,,,,,,,,,,,é‚®ç®±,,,,E-mail,,,,,,,,Email,,,,,,Email,,,,,,,,,,,,,,,,,,,,Email,,,,,,,,,,,,,,,,,,,,,,,,,,,,E-mail,Epost,,,,,Adres e-mail,Correio eletrÃ³nico,E-mail,,,,,Email,,,,,,,,,,,,,,,,Email,,,,,,,,,,,,,,,,,,,,,,,,,,,,,,
auth.forgot-password,Forgot password,,,,,,,,,,,,,,,,,,,,,,,,,å¿˜è®°å¯†ç ,,,,ZapomnÄ›li jste heslo?,,,,,,,,Mot de passe oubliÃ©,,,,,,Passwort vergessen,,,,,,,,,,,,,,,,,,,,Password dimenticata?,,,,,,,,,,,,,,,,,,,,,,,,,,,,Wachtwoord vergeten,Glemt passord,,,,,ZapomniaÅ‚em hasÅ‚a,Esqueci a palavra-passe,Esqueci a senha,,,,,Ð’Ð¾ÑÑÑ‚Ð°Ð½Ð¾Ð²Ð¸Ñ‚ÑŒ Ð¿Ð°Ñ€Ð¾Ð»ÑŒ,,,,,,,,,,,,,,,,Recuperar contraseÃ±a,,,,,,,,,,,,,,,,,,,,,,,,,,,,,,
auth.login,Login,,,,,,,,,,,,,,,,,,,,,,,,,ç™»é™†,,,,PÅ™ihlÃ¡Å¡enÃ­,,,,,,,,Se connecter,,,,,,Anmelden,,,,,,,,,,,,,,,,,,,,Login,,,,,,,,,,,,,,,,,,,,,,,,,,,,Login,Logg inn,,,,,Zaloguj siÄ™,Fazer login,Fazer login,,,,,Ð’Ð¾Ð¹Ñ‚Ð¸,,,,,,,,,,,,,,,,Iniciar sesiÃ³n,,,,,,,,,,,,,,,,,,,,,,,,,,,,,,
auth.login-title,Login,,,,,,,,,,,,,,,,,,,,,,,,,ç™»é™†,,,,PÅ™ihlÃ¡Å¡enÃ­,,,,,,,,Connexion,,,,,,Anmelden,,,,,,,,,,,,,,,,,,,,Login,,,,,,,,,,,,,,,,,,,,,,,,,,,,Login,Logg inn,,,,,Logowanie,Entrar,Entrar,,,,,Ð’Ð¾Ð¹Ñ‚Ð¸,,,,,,,,,,,,,,,,Iniciar sesiÃ³n,,,,,,,,,,,,,,,,,,,,,,,,,,,,,,
auth.oauth-link-title,Re-enter your password to link :provider to your account,,,,,,,,,,,,,,,,,,,,,,,,,é‡æ–°è¾“å…¥å¯†ç å°† :provider è¿žæŽ¥åˆ°ä½ çš„è´¦æˆ·,,,,Zadejte znovu heslo, abyste ke svÃ©mu ÃºÄtu pÅ™ipojili :provider,,,,,,,,Entrez Ã  nouveau votre mot de passe pour lier :provider Ã  votre compte,,,,,,,,,,,,,,,,,,,,,,,,,,,,,,,,,,,,,,,,,,,,,,,,,,,,,,Voer uw wachtwoord in om :provider te verbinden met uw account,,,,,,WprowadÅº hasÅ‚o ponownie aby poÅ‚Ä…czyÄ‡ swoje konto z :provider,,,,,,,,,,,,,,,,,,,,,,,,,,,,,,,,,,,,,,,,,,,,,,,,,,,,,
auth.otp,One-time password,,,,,,,,,,,,,,,,,,,,,,,,,ä¸€æ¬¡æ€§å¯†ç ,,,,JednorÃ¡zovÃ© heslo,,,,,,,,Password Ã  usage unique,,,,,,,,,,,,,,,,,,,,,,,,,,,,,,,,,,,,,,,,,,,,,,,,,,,,,,Eenmalig wachtwoord,,,,,,Kod jednorazowy,,,,,,,,,,,,,,,,,,,,,,,,,,,,,,,,,,,,,,,,,,,,,,,,,,,,,
auth.password,Password,,,,,,,,,,,,,,,,,,,,,,,,,å¯†ç ,,,,Heslo,,,,,,,,Mot de passe,,,,,,Passwort,,,,,,,,,,,,,,,,,,,,Password,,,,,,,,,,,,,,,,,,,,,,,,,,,,Wachtwoord,Passord,,,,,HasÅ‚o,Palavra-passe,Senha,,,,,ÐŸÐ°Ñ€Ð¾Ð»ÑŒ,,,,,,,,,,,,,,,,ContraseÃ±a,,,,,,,,,,,,,,,,,,,,,,,,,,,,,,
auth.password-confirmation,Confirm password,,,,,,,,,,,,,,,,,,,,,,,,,ç¡®è®¤å¯†ç ,,,,PotvrzenÃ­ hesla,,,,,,,,Confirmer le mot de passe,,,,,,,,,,,,,,,,,,,,,,,,,,,,,,,,,,,,,,,,,,,,,,,,,,,,,,Bevestig wachtwoord,,,,,,PotwierdÅº hasÅ‚o,,,,,,,ÐŸÐ¾Ð²Ñ‚Ð¾Ñ€Ð¸Ñ‚Ðµ Ð¿Ð°Ñ€Ð¾Ð»ÑŒ,,,,,,,,,,,,,,,,,,,,,,,,,,,,,,,,,,,,,,,,,,,,,,
auth.reset-password,Reset password,,,,,,,,,,,,,,,,,,,,,,,,,é‡ç½®å¯†ç ,,,,ObnovenÃ­ hesla,,,,,,,,RÃ©initialisation du mot de passe,,,,,,,,,,,,,,,,,,,,,,,,,,,,,,,,,,,,,,,,,,,,,,,,,,,,,,Reset wachtwoord,,,,,,Zresetuj hasÅ‚o,,,,,,,,,,,,,,,,,,,,,,,,,,,,,,,,,,,,,,,,,,,,,,,,,,,,,
auth.reset-send,Send password reset link,,,,,,,,,,,,,,,,,,,,,,,,,å‘é€é‡ç½®é‚®ä»¶,,,,Poslat odkaz na obnovu hesla,,,,,,,,Envoyer un lien de rÃ©initialisation de mot de passe,,,,,,,,,,,,,,,,,,,,,,,,,,,,,,,,,,,,,,,,,,,,,,,,,,,,,,Stuur link voor wachtwoordherstel,,,,,,WyÅ›lij link resetujÄ…cy hasÅ‚o,,,,,,,ÐžÑ‚Ð¿Ñ€Ð°Ð²Ð¸Ñ‚ÑŒ ÑÑÑ‹Ð»ÐºÑƒ Ð½Ð° Ð²Ð¾ÑÑÑ‚Ð°Ð½Ð¾Ð²Ð»ÐµÐ½Ð¸Ðµ Ð¿Ð°Ñ€Ð¾Ð»Ñ,,,,,,,,,,,,,,,,,,,,,,,,,,,,,,,,,,,,,,,,,,,,,,
auth.verify-login,Verify login,,,,,,,,,,,,,,,,,,,,,,,,,ç™»é™†éªŒè¯,,,,OvÄ›Å™it pÅ™ihlÃ¡Å¡enÃ­,,,,,,,,VÃ©rifier la connexion,,,,,,,,,,,,,,,,,,,,,,,,,,,,,,,,,,,,,,,,,,,,,,,,,,,,,,Controleer login,,,,,,Zweryfikuj toÅ¼samoÅ›Ä‡,,,,,,,,,,,,,,,,,,,,,,,,,,,,,,,,,,,,,,,,,,,,,,,,,,,,,
buckets.intro,What would you like to feature today?,,,,,,,,,,,,,,,,,,,,,,,,,ä»Šå¤©æƒ³è¦å±•ç¤ºä»€ä¹ˆï¼Ÿ,,,,Co byste rÃ¡di nabÃ­zeli jako doporuÄenÃ©?,,,,,,,,Que souhaitez-vous mettre en avant aujourd'hui?,,,,,,,,,,,,,,,,,,,,,,,,,,,,,,,,,,,,,,,,,,,,,,,,,,,,,,Wat wil je vandaag uilichten?,,,,,,Co chciaÅ‚byÅ› dzisiaj wyrÃ³Å¼niÄ‡?,,,,,,,Ð§Ñ‚Ð¾ Ð²Ñ‹ Ñ…Ð¾Ñ‚Ð¸Ñ‚Ðµ Ð¿Ð¾ÐºÐ°Ð·Ð°Ñ‚ÑŒ ÑÐµÐ³Ð¾Ð´Ð½Ñ?,,,,,,,,,,,,,,,,,,,,,,,,,,,,,,,,,,,,,,,,,,,,,,
buckets.none-available,No items available.,,,,,,,,,,,,,,,,,,,,,,,,,æ— å¯ç”¨å†…å®¹,,,,Å½Ã¡dnÃ© poloÅ¾ky k dispozici.,,,,,,,,Aucun contenu disponible,,,,,,,,,,,,,,,,,,,,,,,,,,,,,,,,,,,,,,,,,,,,,,,,,,,,,,Geen items beschikbaar.,,,,,,Nie ma Å¼adnych elementÃ³w ktÃ³re mÃ³gÅ‚byÅ› wyrÃ³Å¼niÄ‡.,,,,,,,ÐÐµÑ‚ Ð´Ð¾ÑÑ‚ÑƒÐ¿Ð½Ñ‹Ñ… Ð²Ð°Ñ€Ð¸Ð°Ð½Ñ‚Ð¾Ð².,,,,,,,,,,,,,,,,,,,,,,,,,,,,,,,,,,,,,,,,,,,,,,
buckets.none-featured,No items featured.,,,,,,,,,,,,,,,,,,,,,,,,,æ— å±•ç¤ºå†…å®¹,,,,Å½Ã¡dnÃ© doporuÄenÃ© poloÅ¾ky.,,,,,,,,Aucun contenu mis en avant,,,,,,,,,,,,,,,,,,,,,,,,,,,,,,,,,,,,,,,,,,,,,,,,,,,,,,Geen items uitgelicht.,,,,,,Nie wyrÃ³Å¼niono Å¼adnych elementÃ³w.,,,,,,,,,,,,,,,,,,,,,,,,,,,,,,,,,,,,,,,,,,,,,,,,,,,,,
buckets.publish,Publish,,,,,,,,,,,,,,,,,,,,,,,,,å‘å¸ƒ,,,,Publikovat,,,,,,,,Publier,,,,,,,,,,,,,,,,,,,,,,,,,,,,,,,,,,,,,,,,,,,,,,,,,,,,,,Publiceren,,,,,,Opublikuj,,,,,,,ÐŸÑƒÐ±Ð»Ð¸ÐºÐ°Ñ†Ð¸Ñ,,,,,,,,,,,,,,,,,,,,,,,,,,,,,,,,,,,,,,,,,,,,,,
buckets.source-title,Available items,,,,,,,,,,,,,,,,,,,,,,,,,å¯ç”¨å†…å®¹,,,,DostupnÃ© poloÅ¾ky,,,,,,,,Contenu disponible,,,,,,,,,,,,,,,,,,,,,,,,,,,,,,,,,,,,,,,,,,,,,,,,,,,,,,Beschikbare items,,,,,,DostÄ™pne elementy,,,,,,,Ð”Ð¾ÑÑ‚ÑƒÐ¿Ð½Ñ‹Ðµ Ð²Ð°Ñ€Ð¸Ð°Ð½Ñ‚Ñ‹,,,,,,,,,,,,,,,,,,,,,,,,,,,,,,,,,,,,,,,,,,,,,,
dashboard.all-activity,All activity,,,,,,,,,,,,,,,,,,,,,,,,,å…¨éƒ¨åŠ¨æ€,,,,VeÅ¡kerÃ¡ aktivita,,,,,,,,Toute lâ€™activitÃ©,,,,,,Alle aktivitÃ¤ten,,,,,,,,,,,,,,,,,,,,Tutte le attivitÃ ,,,,,,,,,,,,,,,,,,,,,,,,,,,,Alle activiteit,All aktivitet,,,,,CaÅ‚a aktywnoÅ›Ä‡,Todas as atividades,Todas as atividades,,,,,Ð’ÑÑ Ð°ÐºÑ‚Ð¸Ð²Ð½Ð¾ÑÑ‚ÑŒ,,,,,,,,,,,,,,,,Todas las actividades,,,,,,,,,,,,,,,,,,,,,,,,,,,,,,
dashboard.create-new,Create new,,,,,,,,,,,,,,,,,,,,,,,,,åˆ›å»ºæ–°çš„,,,,VytvoÅ™it novÃ½,,,,,,,,CrÃ©er,,,,,,Neu erstellen,,,,,,,,,,,,,,,,,,,,Crea nuovo,,,,,,,,,,,,,,,,,,,,,,,,,,,,Nieuw maken,Opprett ny,,,,,UtwÃ³rz nowy,Criar nova,Criar nova,,,,,Ð¡Ð¾Ð·Ð´Ð°Ñ‚ÑŒ,,,,,,,,,,,,,,,,Crear nuevo,,,,,,,,,,,,,,,,,,,,,,,,,,,,,,
dashboard.empty-message,You don't have any activity yet.,,,,,,,,,,,,,,,,,,,,,,,,,æ²¡æœ‰æ–°åŠ¨æ€,,,,NemÃ¡te zatÃ­m Å¾Ã¡dnou zaznamenanou aktivitu.,,,,,,,,Vous n'avez aucune activitÃ© pour le moment.,,,,,,Du hast noch keine AktivitÃ¤ten.,,,,,,,,,,,,,,,,,,,,Non hai ancora nessuna attivitÃ ,,,,,,,,,,,,,,,,,,,,,,,,,,,,U heeft nog geen activiteiten.,Du har ikke hatt noe aktivitet ennÃ¥.,,,,,Nie masz jeszcze Å¼adnej aktywnoÅ›ci.,VocÃª ainda nÃ£o tem atividades.,VocÃª ainda nÃ£o tem atividades.,,,,,Ð£ Ð²Ð°Ñ ÐµÑ‰Ðµ Ð½ÐµÑ‚ Ð°ÐºÑ‚Ð¸Ð²Ð½Ð¾ÑÑ‚Ð¸.,,,,,,,,,,,,,,,,TodavÃ­a no hay registro de actividades.,,,,,,,,,,,,,,,,,,,,,,,,,,,,,,
dashboard.my-activity,My activity,,,,,,,,,,,,,,,,,,,,,,,,,æˆ‘çš„åŠ¨æ€,,,,Moje aktivita,,,,,,,,Mon activitÃ©,,,,,,Meine AktivitÃ¤ten,,,,,,,,,,,,,,,,,,,,Le mie attivitÃ ,,,,,,,,,,,,,,,,,,,,,,,,,,,,Mijn activiteit,Min aktivitet,,,,,Moja aktywnoÅ›Ä‡,Suas atividades,Suas atividades,,,,,ÐœÐ¾Ñ Ð°ÐºÑ‚Ð¸Ð²Ð½Ð¾ÑÑ‚ÑŒ,,,,,,,,,,,,,,,,Mi actividad,,,,,,,,,,,,,,,,,,,,,,,,,,,,,,
dashboard.my-drafts,My drafts,,,,,,,,,,,,,,,,,,,,,,,,,æˆ‘çš„è‰ç¨¿,,,,Moje koncepty,,,,,,,,Mes brouillons,,,,,,Meine EntwÃ¼rfe,,,,,,,,,,,,,,,,,,,,Le mie bozze,,,,,,,,,,,,,,,,,,,,,,,,,,,,Mijn concepten,Mine kladder,,,,,Moje wersje robocze,Meus rascunhos,Meus rascunhos,,,,,ÐœÐ¾Ð¸ Ñ‡ÐµÑ€Ð½Ð¾Ð²Ð¸ÐºÐ¸,,,,,,,,,,,,,,,,Mis borradores,,,,,,,,,,,,,,,,,,,,,,,,,,,,,,
dashboard.search-placeholder,Search everything...,,,,,,,,,,,,,,,,,,,,,,,,,æœç´¢,,,,Hledat vÅ¡ude...,,,,,,,,Rechercher...,,,,,,Alles durchsuchen ...,,,,,,,,,,,,,,,,,,,,Ricerca in tutto il database...,,,,,,,,,,,,,,,,,,,,,,,,,,,,Zoek in alles...,SÃ¸k alt...,,,,,Szukaj na caÅ‚ej stronie...,Procurar em tudo...,Procurar em tudo...,,,,,ÐŸÐ¾Ð¸ÑÐº Ð²ÑÐµÐ³Ð¾...,,,,,,,,,,,,,,,,Buscar...,,,,,,,,,,,,,,,,,,,,,,,,,,,,,,
dashboard.statitics,Statistics,,,,,,,,,,,,,,,,,,,,,,,,,ç»Ÿè®¡,,,,Statistiky,,,,,,,,Statistiques,,,,,,Statistiken,,,,,,,,,,,,,,,,,,,,Statistiche,,,,,,,,,,,,,,,,,,,,,,,,,,,,Statistieken,Statistikk,,,,,Statystyki,EstatÃ­sticas,EstatÃ­sticas,,,,,Ð¡Ñ‚Ð°Ñ‚Ð¸ÑÑ‚Ð¸ÐºÐ°,,,,,,,,,,,,,,,,EstadÃ­sticas,,,,,,,,,,,,,,,,,,,,,,,,,,,,,,
dialog.cancel,Cancel,,,,,,,,,,,,,,,,,,,,,,,,,å–æ¶ˆ,,,,ZruÅ¡it,,,,,,,,Annuler,,,,,,,,,,,,,,,,,,,,,,,,,,,,,,,,,,,,,,,,,,,,,,,,,,,,,,Annuleren,,,,,,Anuluj,,,,,,,ÐžÑ‚Ð¼ÐµÐ½Ð°,,,,,,,,,,,,,,,,,,,,,,,,,,,,,,,,,,,,,,,,,,,,,,
dialog.ok,OK,,,,,,,,,,,,,,,,,,,,,,,,,å¥½çš„,,,,OK,,,,,,,,OK,,,,,,,,,,,,,,,,,,,,,,,,,,,,,,,,,,,,,,,,,,,,,,,,,,,,,,OK,,,,,,OK,,,,,,,ÐžÐš,,,,,,,,,,,,,,,,,,,,,,,,,,,,,,,,,,,,,,,,,,,,,,
dialog.title,Move to Trash,,,,,,,,,,,,,,,,,,,,,,,,,ç§»è‡³å›žæ”¶ç«™,,,,PÅ™esunout do koÅ¡e,,,,,,,,Mettre Ã  la corbeille,,,,,,,,,,,,,,,,,,,,,,,,,,,,,,,,,,,,,,,,,,,,,,,,,,,,,,Verplaatsen naar prullenbak,,,,,,PrzenieÅ› do kosza,,,,,,,ÐžÑ‚Ð¿Ñ€Ð°Ð²Ð¸Ñ‚ÑŒ Ð² ÐºÐ¾Ñ€Ð·Ð¸Ð½Ñƒ,,,,,,,,,,,,,,,,,,,,,,,,,,,,,,,,,,,,,,,,,,,,,,
editor.cancel,Cancel,,,,,,,,,,,,,,,,,,,,,,,,,å–æ¶ˆ,,,,ZruÅ¡it,,,,,,,,Annuler,,,,,,,,,,,,,,,,,,,,,,,,,,,,,,,,,,,,,,,,,,,,,,,,,,,,,,Annuleren,,,,,,Anuluj,,,,,,,ÐžÑ‚Ð¼ÐµÐ½Ð°,,,,,,,,,,,,,,,,,,,,,,,,,,,,,,,,,,,,,,,,,,,,,,
editor.delete,Delete,,,,,,,,,,,,,,,,,,,,,,,,,åˆ é™¤,,,,Smazat,,,,,,,,Supprimer,,,,,,,,,,,,,,,,,,,,,,,,,,,,,,,,,,,,,,,,,,,,,,,,,,,,,,Verwijderen,,,,,,UsuÅ„,,,,,,,Ð£Ð´Ð°Ð»Ð¸Ñ‚ÑŒ,,,,,,,,,,,,,,,,,,,,,,,,,,,,,,,,,,,,,,,,,,,,,,
editor.done,Done,,,,,,,,,,,,,,,,,,,,,,,,,å®Œæˆ,,,,Hotovo,,,,,,,,Fermer,,,,,,,,,,,,,,,,,,,,,,,,,,,,,,,,,,,,,,,,,,,,,,,,,,,,,,Klaar,,,,,,ZatwierdÅº,,,,,,,,,,,,,,,,,,,,,,,,,,,,,,,,,,,,,,,,,,,,,,,,,,,,,
editor.title,Content editor,,,,,,,,,,,,,,,,,,,,,,,,,å†…å®¹ç¼–è¾‘å™¨,,,,Editor obsahu,,,,,,,,Editeur de contenu,,,,,,,,,,,,,,,,,,,,,,,,,,,,,,,,,,,,,,,,,,,,,,,,,,,,,,Inhoud bewerken,,,,,,Edytor treÅ›ci,,,,,,,,,,,,,,,,,,,,,,,,,,,,,,,,,,,,,,,,,,,,,,,,,,,,,
emails.all-rights-reserved,All rights reserved.,,,,,,,,,,,,,,,,,,,,,,,,,ä¿ç•™ä¸€åˆ‡æƒåˆ©,,,,VÅ¡echna prÃ¡va vyhrazena.,,,,,,,,Tous droits rÃ©servÃ©s,,,,,,,,,,,,,,,,,,,,,,,,,,,,,,,,,,,,,,,,,,,,,,,,,,,,,,Alle rechten voorbehouden.,,,,,,Wszelkie prawa zastrzeÅ¼one.,,,,,,,Ð’ÑÐµ Ð¿Ñ€Ð°Ð²Ð° Ð·Ð°Ñ‰Ð¸Ñ‰ÐµÐ½Ñ‹.,,,,,,,,,,,,,,,,,,,,,,,,,,,,,,,,,,,,,,,,,,,,,,
emails.hello,Hello!,,,,,,,,,,,,,,,,,,,,,,,,,ä½ å¥½ï¼,,,,DobrÃ½ den!,,,,,,,,Bonjour!,,,,,,,,,,,,,,,,,,,,,,,,,,,,,,,,,,,,,,,,,,,,,,,,,,,,,,Hallo!,,,,,,Witaj!,,,,,,,ÐŸÑ€Ð¸Ð²ÐµÑ‚!,,,,,,,,,,,,,,,,,,,,,,,,,,,,,,,,,,,,,,,,,,,,,,
emails.problems,If you are having trouble clicking the :actionText button, copy and paste the URL below into your web browser: [:url](:url),,,,,,,,,,,,,,,,,,,,,,,,,å¦‚æžœæ— æ³•ç‚¹å‡» :actionText æŒ‰é’®, å¤åˆ¶ä»¥ä¸‹é“¾æŽ¥åˆ°ä½ çš„æµè§ˆå™¨å¹¶æ‰“å¼€: [:url](:url),,,,Pokud mÃ¡te problÃ©m s kliknutÃ­m na tlaÄÃ­tko :actionText, zkopÃ­rujte URL nÃ­Å¾e a vloÅ¾te ji do adresnÃ­ Å™Ã¡dky svÃ©ho prohlÃ­Å¾eÄe: [:url](:url),,,,,,,,Si vous ne parvenez pas Ã  cliquer sur le bouton :actionText, copiez et collez l'URL ci-dessous dans votre navigateur Web: [:url] (:url),,,,,,,,,,,,,,,,,,,,,,,,,,,,,,,,,,,,,,,,,,,,,,,,,,,,,,Als je problemen hebt met het klikken op de :actionText knop, kopieer en plak dan de onderstaande URL in uw webbrowser: [:url](:url),,,,,,JeÅ¼eli nie moÅ¼esz kliknÄ…Ä‡ przycisku :actionText, wklej ten link do swojej przeglÄ…darki: [:url](:url),,,,,,,Ð•ÑÐ»Ð¸ Ñƒ Ð²Ð°Ñ Ð½Ðµ Ð½Ð°Ð¶Ð¸Ð¼Ð°ÐµÑ‚ÑÑ ÐºÐ½Ð¾Ð¿ÐºÐ° :actionText, ÑÐºÐ¾Ð¿Ð¸Ñ€ÑƒÐ¹Ñ‚Ðµ ÑÑÑ‹Ð»ÐºÑƒ, Ð¸ Ð²ÑÑ‚Ð°Ð²ÑŒÑ‚Ðµ Ð² Ð±Ñ€Ð°ÑƒÐ·ÐµÑ€: [:url](:url),,,,,,,,,,,,,,,,,,,,,,,,,,,,,,,,,,,,,,,,,,,,,,
emails.regards,Regards,,,,,,,,,,,,,,,,,,,,,,,,,,æ­¤è‡´ï¼Œ,,,,S pozdravem,,,,,,,,Cordialement,,,,,,,,,,,,,,,,,,,,,,,,,,,,,,,,,,,,,,,,,,,,,,,,,,,,,,,Met vriendelijke groet,,,,,,,Pozdrawiamy,,,,,,,,Ð¡ ÑƒÐ²Ð°Ð¶ÐµÐ½Ð¸ÐµÐ¼,,,,,,,,,,,,,,,,,,,,,,,,,,,,,,,,,,,,,,,,,,,,,,,
fields.block-editor.add-content,Add content,,,,,,,,,,,,,,,,,,,,,,,,,æ·»åŠ æ¨¡å—,,,,PÅ™idat obsah,,,,,,,,Ajouter du contenu,,,,,,Inhalt hinzufÃ¼gen,,,,,,,,,,,,,,,,,,,,Aggiungi contenuto,,,,,,,,,,,,,,,,,,,,,,,,,,,,Inhoud toevoegen,Legg til innhold,,,,,Dodaj treÅ›Ä‡,Adicionar conteÃºdo,Adicionar conteÃºdo,,,,,Ð”Ð¾Ð±Ð°Ð²Ð¸Ñ‚ÑŒ ÑÐ¾Ð´ÐµÑ€Ð¶Ð¸Ð¼Ð¾Ðµ,,,,,,,,,,,,,,,,Agregar contenido,,,,,,,,,,,,,,,,,,,,,,,,,,,,,,
fields.block-editor.collapse-all,Collapse all,,,,,,,,,,,,,,,,,,,,,,,,,å…¨éƒ¨æŠ˜å ,,,,Sbalit vÅ¡e,,,,,,,,Tout masquer,,,,,,Alle einklappen,,,,,,,,,,,,,,,,,,,,Racchiudi tutto,,,,,,,,,,,,,,,,,,,,,,,,,,,,Alles inklappen,Skjul alle,,,,,ZwiÅ„ wszystke,Recolher tudo,Recolher tudo,,,,,Ð Ð°ÑÐºÑ€Ñ‹Ñ‚ÑŒ Ð²ÑÐµ,,,,,,,,,,,,,,,,Colapsar todo,,,,,,,,,,,,,,,,,,,,,,,,,,,,,,
fields.block-editor.create-another,Create another,,,,,,,,,,,,,,,,,,,,,,,,,ç»§ç»­åˆ›å»º,,,,VytvoÅ™it dalÅ¡Ã­,,,,,,,,CrÃ©er un nouveau,,,,,,Noch einen erstellen,,,,,,,,,,,,,,,,,,,,Crea e aggiungi ancora,,,,,,,,,,,,,,,,,,,,,,,,,,,,Nieuw maken,Opprett ny,,,,,Dodaj kolejny,Criar outro,Criar outro,,,,,Ð¡Ð¾Ð·Ð´Ð°Ñ‚ÑŒ Ð´Ñ€ÑƒÐ³Ð¾Ð¹,,,,,,,,,,,,,,,,Crear otro,,,,,,,,,,,,,,,,,,,,,,,,,,,,,,
fields.block-editor.delete,Delete,,,,,,,,,,,,,,,,,,,,,,,,,åˆ é™¤,,,,Smazat,,,,,,,,Supprimer,,,,,,LÃ¶schen,,,,,,,,,,,,,,,,,,,,Elimina,,,,,,,,,,,,,,,,,,,,,,,,,,,,Verwijderen,Slett,,,,,UsuÅ„,Deletar,Deletar,,,,,Ð£Ð´Ð°Ð»Ð¸Ñ‚ÑŒ,,,,,,,,,,,,,,,,Borrar,,,,,,,,,,,,,,,,,,,,,,,,,,,,,,
fields.block-editor.expand-all,Expand all,,,,,,,,,,,,,,,,,,,,,,,,,å…¨éƒ¨å±•å¼€,,,,Rozbalit vÅ¡e,,,,,,,,Tout afficher,,,,,,Alle ausklappen,,,,,,,,,,,,,,,,,,,,Espandi tutto,,,,,,,,,,,,,,,,,,,,,,,,,,,,Alles uitklappen,Vis alle,,,,,RozwiÅ„ wszystkie,Expandir tudo,Expandir tudo,,,,,Ð¡ÐºÑ€Ñ‹Ñ‚ÑŒ,,,,,,,,,,,,,,,,Expandir todo,,,,,,,,,,,,,,,,,,,,,,,,,,,,,,
fields.block-editor.loading,Loading,,,,,,,,,,,,,,,,,,,,,,,,,åŠ è½½ä¸­,,,,NaÄÃ­tÃ¡nÃ­,,,,,,,,Chargement,,,,,,Lade,,,,,,,,,,,,,,,,,,,,Caricamento,,,,,,,,,,,,,,,,,,,,,,,,,,,,Laden,Laster inn,,,,,Wczytywanie,Carregando,Carregando,,,,,Ð—Ð°Ð³Ñ€ÑƒÐ·ÐºÐ°,,,,,,,,,,,,,,,,Cargando,,,,,,,,,,,,,,,,,,,,,,,,,,,,,,
fields.block-editor.open-in-editor,Open in editor,,,,,,,,,,,,,,,,,,,,,,,,,å¯è§†åŒ–ç¼–è¾‘å™¨,,,,OtevÅ™Ã­t v editoru,,,,,,,,Ouvrir dans l'Ã©diteur,,,,,,In Editor Ã¶ffnen,,,,,,,,,,,,,,,,,,,,Apri in modifica,,,,,,,,,,,,,,,,,,,,,,,,,,,,Open in editor,Ã…pne i editor,,,,,OtwÃ³rz w edytorze,Abrir no editor,Abrir no editor,,,,,ÐžÑ‚ÐºÑ€Ñ‹Ñ‚ÑŒ Ð² Ñ€ÐµÐ´Ð°ÐºÑ‚Ð¾Ñ€Ðµ,,,,,,,,,,,,,,,,Abrir en el editor,,,,,,,,,,,,,,,,,,,,,,,,,,,,,,
fields.block-editor.preview,Preview,,,,,,,,,,,,,,,,,,,,,,,,,é¢„è§ˆ,,,,NÃ¡hled,,,,,,,,PrÃ©visualiser,,,,,,Vorschau,,,,,,,,,,,,,,,,,,,,Anteprima,,,,,,,,,,,,,,,,,,,,,,,,,,,,Voorbeeld,ForhÃ¥ndsvis,,,,,PodglÄ…d,PrÃ©-visualizar,PrÃ©-visualizar,,,,,ÐŸÑ€ÐµÐ´Ð²Ð°Ñ€Ð¸Ñ‚ÐµÐ»ÑŒÐ½Ñ‹Ð¹ Ð¿Ñ€Ð¾ÑÐ¼Ð¾Ñ‚Ñ€,,,,,,,,,,,,,,,,Previsualizar,,,,,,,,,,,,,,,,,,,,,,,,,,,,,,
fields.browser.add-label,Add,,,,,,,,,,,,,,,,,,,,,,,,,æ·»åŠ ,,,,PÅ™idat,,,,,,,,Ajouter des,,,,,,HinzufÃ¼gen,,,,,,,,,,,,,,,,,,,,Aggiungi,,,,,,,,,,,,,,,,,,,,,,,,,,,,Toevoegen,Legg til,,,,,Dodaj,Adicionar,Adicionar,,,,,Ð”Ð¾Ð±Ð°Ð²Ð¸Ñ‚ÑŒ,,,,,,,,,,,,,,,,Agregar,,,,,,,,,,,,,,,,,,,,,,,,,,,,,,
fields.browser.attach,Attach,,,,,,,,,,,,,,,,,,,,,,,,,æ·»åŠ é¡¹ç›®,,,,PÅ™iloÅ¾it,,,,,,,,Ajouter des,,,,,,AnhÃ¤ngen,,,,,,,,,,,,,,,,,,,,Allega,,,,,,,,,,,,,,,,,,,,,,,,,,,,Bijvoegen,Legg ved,,,,,ZaÅ‚Ä…cz,Anexar,Anexar,,,,,ÐŸÑ€Ð¸ÐºÑ€ÐµÐ¿Ð¸Ñ‚ÑŒ,,,,,,,,,,,,,,,,Adjuntar,,,,,,,,,,,,,,,,,,,,,,,,,,,,,,
fields.files.add-label,Add,,,,,,,,,,,,,,,,,,,,,,,,,æ·»åŠ ,,,,PÅ™idat,,,,,,,,Ajouter,,,,,,HinzufÃ¼gen,,,,,,,,,,,,,,,,,,,,Aggiungi,,,,,,,,,,,,,,,,,,,,,,,,,,,,Toevoegen,Legg til,,,,,Dodaj,Adicionar,Adicionar,,,,,Ð”Ð¾Ð±Ð°Ð²Ð¸Ñ‚ÑŒ,,,,,,,,,,,,,,,,Agregar,,,,,,,,,,,,,,,,,,,,,,,,,,,,,,
fields.generic.switch-language,Switch language,,,,,,,,,,,,,,,,,,,,,,,,,åˆ‡æ¢è¯­è¨€,,,,PÅ™epnout jazyk,,,,,,,,Changer de langue,,,,,,,,,,,,,,,,,,,,,,,,,,,,,,,,,,,,,,,,,,,,,,,,,,,,,,Wijzig taal,,,,,,ZmieÅ„ jÄ™zyk,,,,,,,ÐŸÐµÑ€ÐµÐºÐ»ÑŽÑ‡Ð¸Ñ‚ÑŒ ÑÐ·Ñ‹Ðº,,,,,,,,,,,,,,,,,,,,,,,,,,,,,,,,,,,,,,,,,,,,,,
fields.map.hide,Hide&nbsp,map,,,,,,,,,,,,,,,,,,,,,,,,,éšè—åœ°å›¾,,,,SkrÃ½t&nbsp,mapu,,,,,,,,Masquer,,,,,,,,,,,,,,,,,,,,,,,,,,,,,,,,,,,,,,,,,,,,,,,,,,,,,,Verberg&nbsp,kaart,,,,,,Ukryj&nbsp,mapÄ™,,,,,,,Ð¡ÐºÑ€Ñ‹Ñ‚ÑŒ&nbsp,ÐºÐ°Ñ€Ñ‚Ñƒ,,,,,,,,,,,,,,,,,,,,,,,,,,,,,,,,,,,,,,,,,,,,,,
fields.map.show,Show&nbsp,map,,,,,,,,,,,,,,,,,,,,,,,,,æ˜¾ç¤ºåœ°å›¾,,,,UkÃ¡zat&nbsp,mapu,,,,,,,,Afficher,,,,,,,,,,,,,,,,,,,,,,,,,,,,,,,,,,,,,,,,,,,,,,,,,,,,,,Toon&nbsp,kaart,,,,,,PokaÅ¼&nbsp,mapÄ™,,,,,,,ÐŸÐ¾ÐºÐ°Ð·Ð°Ñ‚ÑŒ&nbsp,ÐºÐ°Ñ€Ñ‚Ñƒ,,,,,,,,,,,,,,,,,,,,,,,,,,,,,,,,,,,,,,,,,,,,,,
fields.medias.btn-label,Attach image,,,,,,,,,,,,,,,,,,,,,,,,,æ·»åŠ å›¾ç‰‡,,,,PÅ™iloÅ¾it obrÃ¡zek,,,,,,,,Ajouter une image,,,,,,Bild anhÃ¤ngen,,,,,,,,,,,,,,,,,,,,Allega immagine,,,,,,,,,,,,,,,,,,,,,,,,,,,,Afbeelding bijvoegen,Legg ved bilde,,,,,ZaÅ‚Ä…cz obraz,Anexar imagem,Anexar imagem,,,,,ÐŸÑ€Ð¸ÐºÑ€ÐµÐ¿Ð¸Ñ‚ÑŒ Ð¸Ð·Ð¾Ð±Ñ€Ð°Ð¶ÐµÐ½Ð¸Ðµ,,,,,,,,,,,,,,,,Adjuntar imagen,,,,,,,,,,,,,,,,,,,,,,,,,,,,,,
fields.medias.crop,Crop,,,,,,,,,,,,,,,,,,,,,,,,,è£åˆ‡,,,,OÅ™ezat,,,,,,,,Recadrer,,,,,,,,,,,,,,,,,,,,,,,,,,,,,,,,,,,,,,,,,,,,,,,,,,,,,,Bijsnijden,,,,,,Przytnij,,,,,,,ÐšÐ°Ð´Ñ€Ð¸Ñ€Ð¾Ð²Ð°Ñ‚ÑŒ,,,,,,,,,,,,,,,,,,,,,,,,,,,,,,,,,,,,,,,,,,,,,,
fields.medias.crop-edit,Edit image crop,,,,,,,,,,,,,,,,,,,,,,,,,ç¼–è¾‘å°ºå¯¸,,,,Upravit oÅ™ez obrÃ¡zku,,,,,,,,Editer le crop de l'image,,,,,,,,,,,,,,,,,,,,,,,,,,,,,,,,,,,,,,,,,,,,,,,,,,,,,,Uitsnede wijzigen,,,,,,ZmieÅ„ kadrowanie obrazu,,,,,,,Ð˜Ð·Ð¼ÐµÐ½Ð¸Ñ‚ÑŒ ÐºÐ°Ð´Ñ€Ð¸Ñ€Ð¾Ð²Ð°Ð½Ð¸Ðµ ÐºÐ°Ñ€Ñ‚Ð¸Ð½ÐºÐ¸,,,,,,,,,,,,,,,,,,,,,,,,,,,,,,,,,,,,,,,,,,,,,,
fields.medias.crop-list,crop,,,,,,,,,,,,,,,,,,,,,,,,,å°ºå¯¸,,,,oÅ™ezat,,,,,,,,crop,,,,,,,,,,,,,,,,,,,,,,,,,,,,,,,,,,,,,,,,,,,,,,,,,,,,,,Bijsnijden,,,,,,kadr,,,,,,,ÐºÐ°Ð´Ñ€Ð¸Ñ€Ð¾Ð²Ð°Ñ‚ÑŒ,,,,,,,,,,,,,,,,,,,,,,,,,,,,,,,,,,,,,,,,,,,,,,
fields.medias.crop-save,Update,,,,,,,,,,,,,,,,,,,,,,,,,æ›´æ–°,,,,Aktualizovat,,,,,,,,Mettre a jour,,,,,,,,,,,,,,,,,,,,,,,,,,,,,,,,,,,,,,,,,,,,,,,,,,,,,,Bijwerken,,,,,,Zapisz,,,,,,,ÐžÐ±Ð½Ð¾Ð²Ð¸Ñ‚ÑŒ,,,,,,,,,,,,,,,,,,,,,,,,,,,,,,,,,,,,,,,,,,,,,,
fields.medias.delete,Delete,,,,,,,,,,,,,,,,,,,,,,,,,åˆ é™¤,,,,Smazat,,,,,,,,Supprimer,,,,,,,,,,,,,,,,,,,,,,,,,,,,,,,,,,,,,,,,,,,,,,,,,,,,,,Verwijderen,,,,,,UsuÅ„,,,,,,,Ð£Ð´Ð°Ð»Ð¸Ñ‚ÑŒ,,,,,,,,,,,,,,,,,,,,,,,,,,,,,,,,,,,,,,,,,,,,,,
fields.medias.download,Download,,,,,,,,,,,,,,,,,,,,,,,,,ä¸‹è½½,,,,StÃ¡hnout,,,,,,,,TÃ©lÃ©charger,,,,,,,,,,,,,,,,,,,,,,,,,,,,,,,,,,,,,,,,,,,,,,,,,,,,,,Downloaden,,,,,,Pobierz,,,,,,,Ð¡ÐºÐ°Ñ‡Ð°Ñ‚ÑŒ,,,,,,,,,,,,,,,,,,,,,,,,,,,,,,,,,,,,,,,,,,,,,,
fields.medias.edit-close,Close info,,,,,,,,,,,,,,,,,,,,,,,,,å…³é—­,,,,ZavÅ™Ã­t podrobnosti,,,,,,,,Fermer infos,,,,,,,,,,,,,,,,,,,,,,,,,,,,,,,,,,,,,,,,,,,,,,,,,,,,,,Sluit info,,,,,,Schowaj szczegÃ³Å‚y,,,,,,,Ð¡ÐºÑ€Ñ‹Ñ‚ÑŒ Ð¾Ð¿Ð¸ÑÐ°Ð½Ð¸Ðµ,,,,,,,,,,,,,,,,,,,,,,,,,,,,,,,,,,,,,,,,,,,,,,
fields.medias.edit-info,Edit info,,,,,,,,,,,,,,,,,,,,,,,,,ç¼–è¾‘,,,,Upravit podrobnosti,,,,,,,,Editer infos,,,,,,,,,,,,,,,,,,,,,,,,,,,,,,,,,,,,,,,,,,,,,,,,,,,,,,Bewerk informatie,,,,,,Edytuj szczegÃ³Å‚y,,,,,,,Ð˜Ð·Ð¼ÐµÐ½Ð¸Ñ‚ÑŒ Ð¾Ð¿Ð¸ÑÐ°Ð½Ð¸Ðµ,,,,,,,,,,,,,,,,,,,,,,,,,,,,,,,,,,,,,,,,,,,,,,
fields.medias.original-dimensions,Original,,,,,,,,,,,,,,,,,,,,,,,,,åŽŸå§‹å°ºå¯¸,,,,PÅ¯vodnÃ­ rozmÄ›ry,,,,,,,,Original,,,,,,,,,,,,,,,,,,,,,,,,,,,,,,,,,,,,,,,,,,,,,,,,,,,,,,Origineel,,,,,,Oryginalne wymiary,,,,,,,ÐžÑ€Ð¸Ð³Ð¸Ð½Ð°Ð»,,,,,,,,,,,,,,,,,,,,,,,,,,,,,,,,,,,,,,,,,,,,,,
filter.apply-btn,Apply,,,,,,,,,,,,,,,,,,,,,,,,,åº”ç”¨,,,,PouÅ¾Ã­t,,,,,,,,Appliquer,,,,,,Anwenden,,,,,,,,,,,,,,,,,,,,Applica,,,,,,,,,,,,,,,,,,,,,,,,,,,,Toepassen,Bruk,,,,,Zastosuj,Aplicar,Aplicar,,,,,ÐŸÑ€Ð¸Ð¼ÐµÐ½Ð¸Ñ‚ÑŒ,,,,,,,,,,,,,,,,Aplicar,,,,,,,,,,,,,,,,,,,,,,,,,,,,,,
filter.clear-btn,Clear,,,,,,,,,,,,,,,,,,,,,,,,,æ¸…é™¤,,,,Vymazat,,,,,,,,Annuler,,,,,,Leeren,,,,,,,,,,,,,,,,,,,,Cancella,,,,,,,,,,,,,,,,,,,,,,,,,,,,Leegmaken,TÃ¸m,,,,,WyczyÅ›Ä‡ wybÃ³r,Limpar,Limpar,,,,,ÐžÑ‡Ð¸ÑÑ‚Ð¸Ñ‚ÑŒ,,,,,,,,,,,,,,,,Limpiar,,,,,,,,,,,,,,,,,,,,,,,,,,,,,,
filter.search-placeholder,Search,,,,,,,,,,,,,,,,,,,,,,,,,æœç´¢,,,,Hledat,,,,,,,,Recherche,,,,,,Suchen,,,,,,,,,,,,,,,,,,,,Cerca,,,,,,,,,,,,,,,,,,,,,,,,,,,,Zoeken,SÃ¸k,,,,,Szukaj,Buscar,Buscar,,,,,ÐŸÐ¾Ð¸ÑÐº,,,,,,,,,,,,,,,,Buscar,,,,,,,,,,,,,,,,,,,,,,,,,,,,,,
filter.toggle-label,Filter,,,,,,,,,,,,,,,,,,,,,,,,,ç­›é€‰,,,,Filtrovat,,,,,,,,Filtrer,,,,,,Filter,,,,,,,,,,,,,,,,,,,,Filtro,,,,,,,,,,,,,,,,,,,,,,,,,,,,Filteren,Filtrer,,,,,Filtruj,Filtrar,Filtrar,,,,,Ð¤Ð¸Ð»ÑŒÑ‚Ñ€,,,,,,,,,,,,,,,,Filtrar,,,,,,,,,,,,,,,,,,,,,,,,,,,,,,
footer.version,Version,,,,,,,,,,,,,,,,,,,,,,,,,ç‰ˆæœ¬,,,,Verze,,,,,,,,Version,,,,,,Version,,,,,,,,,,,,,,,,,,,,Versione,,,,,,,,,,,,,,,,,,,,,,,,,,,,Versie,Versjon,,,,,Wersja,VersÃ£o,VersÃ£o,,,,,Ð’ÐµÑ€ÑÐ¸Ñ,,,,,,,,,,,,,,,,VersiÃ³n,,,,,,,,,,,,,,,,,,,,,,,,,,,,,,
form.content,Content,,,,,,,,,,,,,,,,,,,,,,,,,å†…å®¹,,,,Obsah,,,,,,,,Contenu,,,,,,Inhalt,,,,,,,,,,,,,,,,,,,,Contenuto,,,,,,,,,,,,,,,,,,,,,,,,,,,,Inhoud,Innhold,,,,,TreÅ›Ä‡,ConteÃºdo,ConteÃºdo,,,,,Ð¡Ð¾Ð´ÐµÑ€Ð¶Ð¸Ð¼Ð¾Ðµ,,,,,,,,,,,,,,,,Contenido,,,,,,,,,,,,,,,,,,,,,,,,,,,,,,
form.dialogs.delete.confirm,Delete,,,,,,,,,,,,,,,,,,,,,,,,,åˆ é™¤,,,,Smazat,,,,,,,,Supprimer,,,,,,,,,,,,,,,,,,,,,,,,,,,,,,,,,,,,,,,,,,,,,,,,,,,,,,Verwijderen,,,,,,UsuÅ„,,,,,,,Ð£Ð´Ð°Ð»Ð¸Ñ‚ÑŒ,,,,,,,,,,,,,,,,,,,,,,,,,,,,,,,,,,,,,,,,,,,,,,
form.dialogs.delete.confirmation,Are you sure ?<br />This change can't be undone.,,,,,,,,,,,,,,,,,,,,,,,,,ç¡®å®šå— ?<br />æ­¤æ“ä½œæ— æ³•æ¢å¤ã€‚,,,,Jste si jistÃ­?<br />Tento krok nemÅ¯Å¾ete vzÃ­t zpÄ›t.,,,,,,,,ÃŠtes-vous sÃ»r ? Ce changement ne peut Ãªtre annulÃ©.,,,,,,,,,,,,,,,,,,,,,,,,,,,,,,,,,,,,,,,,,,,,,,,,,,,,,,Weet je het zeker? <br /> Deze wijziging kan niet ongedaan gemaakt worden.,,,,,,Czy na pewno chcesz to zrobiÄ‡? <br />Tej zmiany nie moÅ¼na cofnÄ…Ä‡.,,,,,,,Ð’Ñ‹ ÑƒÐ²ÐµÑ€ÐµÐ½Ñ‹?</br> Ð­Ñ‚Ð¾ Ð´ÐµÐ¹ÑÑ‚Ð²Ð¸Ðµ Ð½ÐµÐ»ÑŒÐ·Ñ Ð¾Ñ‚Ð¼ÐµÐ½Ð¸Ñ‚ÑŒ.,,,,,,,,,,,,,,,,,,,,,,,,,,,,,,,,,,,,,,,,,,,,,,
form.dialogs.delete.delete-content,Delete content,,,,,,,,,,,,,,,,,,,,,,,,,åˆ é™¤å†…å®¹,,,,Smazat obsah,,,,,,,,Supprimer le contenu,,,,,,,,,,,,,,,,,,,,,,,,,,,,,,,,,,,,,,,,,,,,,,,,,,,,,,Verwijder inhoud,,,,,,UsuÅ„ zawartoÅ›Ä‡,,,,,,,Ð£Ð´Ð°Ð»Ð¸Ñ‚ÑŒ ÐºÐ¾Ð½Ñ‚ÐµÐ½Ñ‚,,,,,,,,,,,,,,,,,,,,,,,,,,,,,,,,,,,,,,,,,,,,,,
form.dialogs.delete.title,Delete content,,,,,,,,,,,,,,,,,,,,,,,,,åˆ é™¤å†…å®¹,,,,Smazat obsah,,,,,,,,Supprimer le contenu,,,,,,,,,,,,,,,,,,,,,,,,,,,,,,,,,,,,,,,,,,,,,,,,,,,,,,Verwijder inhoud,,,,,,UsuÅ„ zawartoÅ›Ä‡,,,,,,,Ð£Ð´Ð°Ð»Ð¸Ñ‚ÑŒ ÐºÐ¾Ð½Ñ‚ÐµÐ½Ñ‚,,,,,,,,,,,,,,,,,,,,,,,,,,,,,,,,,,,,,,,,,,,,,,
form.editor,Editor,,,,,,,,,,,,,,,,,,,,,,,,,å¯è§†åŒ–ç¼–è¾‘å™¨,,,,Editor,,,,,,,,Ã‰diteur,,,,,,Editor,,,,,,,,,,,,,,,,,,,,Editor,,,,,,,,,,,,,,,,,,,,,,,,,,,,Editor,Editor,,,,,Edytor,Editor,Editor,,,,,Ð ÐµÐ´Ð°ÐºÑ‚Ð¾Ñ€,,,,,,,,,,,,,,,,Editor,,,,,,,,,,,,,,,,,,,,,,,,,,,,,,
lang-manager.published,Live,,,,,,,,,,,,,,,,,,,,,,,,,å·²å‘å¸ƒ,,,,PublikovÃ¡no,,,,,,,,PubliÃ©,,,,,,,,,,,,,,,,,,,,,,,,,,,,,,,,,,,,,,,,,,,,,,,,,,,,,,Live,,,,,,opublikowano,,,,,,,,,,,,,,,,,,,,,,,,,,,,,,,,,,,,,,,,,,,,,,,,,,,,,
lang-switcher.edit-in,Edit in,,,,,,,,,,,,,,,,,,,,,,,,,ä¸ºå¦ä¸€è¯­è¨€ä¿®æ”¹,,,,Editovat v,,,,,,,,Editer en,,,,,,,,,,,,,,,,,,,,,,,,,,,,,,,,,,,,,,,,,,,,,,,,,,,,,,Bewerken in,,,,,,Edytuj w,,,,,,,,,,,,,,,,,,,,,,,,,,,,,,,,,,,,,,,,,,,,,,,,,,,,,
listing.add-new-button,Add new,,,,,,,,,,,,,,,,,,,,,,,,,æ·»åŠ ,,,,PÅ™idat novÃ½,,,,,,,,Ajouter,,,,,,Neu erstellen,,,,,,,,,,,,,,,,,,,,Nuovo,,,,,,,,,,,,,,,,,,,,,,,,,,,,Nieuw toevoegen,Opprett ny,,,,,Dodaj nowy,Criar novo,Criar novo,,,,,Ð”Ð¾Ð±Ð°Ð²Ð¸Ñ‚ÑŒ,,,,,,,,,,,,,,,,Agregar nuevo,,,,,,,,,,,,,,,,,,,,,,,,,,,,,,
listing.bulk-actions,Bulk actions,,,,,,,,,,,,,,,,,,,,,,,,,æ‰¹é‡æ“ä½œ,,,,HromadnÃ© akce,,,,,,,,Actions groupÃ©es,,,,,,,,,,,,,,,,,,,,,,,,,,,,,,,,,,,,,,,,,,,,,,,,,,,,,,Bulk-acties,,,,,,DostÄ™pne akcje,,,,,,,,,,,,,,,,,,,,,,,,,,,,,,,,,,,,,,,,,,,,,,,,,,,,,
listing.bulk-clear,Clear,,,,,,,,,,,,,,,,,,,,,,,,,æ¸…é™¤,,,,Vymazat,,,,,,,,Annuler,,,,,,,,,,,,,,,,,,,,,,,,,,,,,,,,,,,,,,,,,,,,,,,,,,,,,,Legen,,,,,,WyczyÅ›Ä‡ wybÃ³r,,,,,,,ÐžÑ‡ÑÑ‚Ð¸Ñ‚ÑŒ,,,,,,,,,,,,,,,,,,,,,,,,,,,,,,,,,,,,,,,,,,,,,,
listing.columns.featured,Featured,,,,,,,,,,,,,,,,,,,,,,,,,ç‰¹åˆ«å±•ç¤º,,,,DoporuÄenÃ©,,,,,,,,Mis en avant,,,,,,,,,,,,,,,,,,,,,,,,,,,,,,,,,,,,,,,,,,,,,,,,,,,,,,Uitgelicht,,,,,,WyrÃ³Å¼niono,,,,,,,,,,,,,,,,,,,,,,,,,,,,,,,,,,,,,,,,,,,,,,,,,,,,,
listing.columns.name,Name,,,,,,,,,,,,,,,,,,,,,,,,,åç§°,,,,JmÃ©no,,,,,,,,Nom,,,,,,,,,,,,,,,,,,,,,,,,,,,,,,,,,,,,,,,,,,,,,,,,,,,,,,Naam,,,,,,Nazwa,,,,,,,ÐÐ°Ð·Ð²Ð°Ð½Ð¸Ðµ,,,,,,,,,,,,,,,,,,,,,,,,,,,,,,,,,,,,,,,,,,,,,,
listing.columns.published,Published,,,,,,,,,,,,,,,,,,,,,,,,,å·²å‘å¸ƒ,,,,PublikovanÃ©,,,,,,,,PubliÃ©,,,,,,,,,,,,,,,,,,,,,,,,,,,,,,,,,,,,,,,,,,,,,,,,,,,,,,Gepubliceerd,,,,,,Opublikowano,,,,,,,ÐžÐ¿ÑƒÐ±Ð»Ð¸ÐºÐ¾Ð²Ð°Ð½Ð¾,,,,,,,,,,,,,,,,,,,,,,,,,,,,,,,,,,,,,,,,,,,,,,
listing.columns.show,Show,,,,,,,,,,,,,,,,,,,,,,,,,å±•ç¤º,,,,UkÃ¡zat,,,,,,,,Afficher,,,,,,,,,,,,,,,,,,,,,,,,,,,,,,,,,,,,,,,,,,,,,,,,,,,,,,Tonen,,,,,,WyÅ›wietl,,,,,,,ÐŸÐ¾ÐºÐ°Ð·Ð°Ñ‚ÑŒ,,,,,,,,,,,,,,,,,,,,,,,,,,,,,,,,,,,,,,,,,,,,,,
listing.columns.thumbnail,Thumbnail,,,,,,,,,,,,,,,,,,,,,,,,,ç¼©ç•¥å›¾,,,,NÃ¡hled,,,,,,,,Miniature,,,,,,,,,,,,,,,,,,,,,,,,,,,,,,,,,,,,,,,,,,,,,,,,,,,,,,Thumbnail,,,,,,Miniatura,,,,,,,ÐŸÑ€ÐµÐ²ÑŒÑŽ,,,,,,,,,,,,,,,,,,,,,,,,,,,,,,,,,,,,,,,,,,,,,,
listing.dialogs.delete.confirm,Delete,,,,,,,,,,,,,,,,,,,,,,,,,åˆ é™¤,,,,Smazat,,,,,,,,Supprimer,,,,,,,,,,,,,,,,,,,,,,,,,,,,,,,,,,,,,,,,,,,,,,,,,,,,,,Verwijderen,,,,,,UsuÅ„,,,,,,,Ð£Ð´Ð°Ð»Ð¸Ñ‚ÑŒ,,,,,,,,,,,,,,,,,,,,,,,,,,,,,,,,,,,,,,,,,,,,,,
listing.dialogs.delete.disclaimer,The item won't be deleted but moved to trash.,,,,,,,,,,,,,,,,,,,,,,,,,æ­¤å†…å®¹å°†è¢«ç§»è‡³å›žæ”¶ç«™,,,,PoloÅ¾ka nebude odstranÄ›na, ale pÅ™esunuta do koÅ¡e.,,,,,,,,Ce contenu ne sera pas supprimÃ© mais dÃ©placÃ© dans la corbeille,,,,,,,,,,,,,,,,,,,,,,,,,,,,,,,,,,,,,,,,,,,,,,,,,,,,,,Het item wordt niet verwijderd, maar verplaatst naar de prullenbak.,,,,,,Ten element nie zostanie trwale usuniÄ™ty, tylko przeniesiony do kosza.,,,,,,,Ð­Ð»ÐµÐ¼ÐµÐ½Ñ‚ Ð½Ðµ Ð±Ñ‹Ð» ÑƒÐ´Ð°Ð»Ñ‘Ð½, Ð¾Ð½ Ð¿ÐµÑ€ÐµÐ½ÐµÑÑ‘Ð½ Ð² ÐºÐ¾Ñ€Ð·Ð¸Ð½Ñƒ.,,,,,,,,,,,,,,,,,,,,,,,,,,,,,,,,,,,,,,,,,,,,,,
listing.dialogs.delete.move-to-trash,Move to trash,,,,,,,,,,,,,,,,,,,,,,,,,ç§»è‡³å›žæ”¶ç«™,,,,PÅ™esunout do koÅ¡e.,,,,,,,,Mettre Ã  la corbeille,,,,,,,,,,,,,,,,,,,,,,,,,,,,,,,,,,,,,,,,,,,,,,,,,,,,,,Verplaatsen naar prullenbak,,,,,,PrzenieÅ› do kosza,,,,,,,ÐŸÐµÑ€ÐµÐ½ÐµÑÑ‚Ð¸ Ð² ÐºÐ¾Ñ€Ð·Ð¸Ð½Ñƒ,,,,,,,,,,,,,,,,,,,,,,,,,,,,,,,,,,,,,,,,,,,,,,
listing.dialogs.delete.title,Delete item,,,,,,,,,,,,,,,,,,,,,,,,,åˆ é™¤é¡¹ç›®,,,,Smazat,,,,,,,,Supprimer,,,,,,,,,,,,,,,,,,,,,,,,,,,,,,,,,,,,,,,,,,,,,,,,,,,,,,Verwijder item,,,,,,UsuÅ„ element,,,,,,,Ð£Ð´Ð°Ð»Ð¸Ñ‚ÑŒ ÑÐ»ÐµÐ¼ÐµÐ½Ñ‚,,,,,,,,,,,,,,,,,,,,,,,,,,,,,,,,,,,,,,,,,,,,,,
listing.dialogs.destroy.confirm,Destroy,,,,,,,,,,,,,,,,,,,,,,,,,åˆ é™¤,,,,ZniÄit,,,,,,,,Supprimer dÃ©finitivement,,,,,,,,,,,,,,,,,,,,,,,,,,,,,,,,,,,,,,,,,,,,,,,,,,,,,,Vernietigen,,,,,,UsuÅ„,,,,,,,Ð£Ð½Ð¸Ñ‡Ñ‚Ð¾Ð¶Ð¸Ñ‚ÑŒ,,,,,,,,,,,,,,,,,,,,,,,,,,,,,,,,,,,,,,,,,,,,,,
listing.dialogs.destroy.destroy-permanently,Destroy permanently,,,,,,,,,,,,,,,,,,,,,,,,,å½»åº•åˆ é™¤,,,,ZniÄit navÅ¾dy,,,,,,,,Supprimer dÃ©finitivement,,,,,,,,,,,,,,,,,,,,,,,,,,,,,,,,,,,,,,,,,,,,,,,,,,,,,,Vernietig permanent,,,,,,UsuÅ„ na zawsze,,,,,,,Ð£Ð½Ð¸Ñ‡Ñ‚Ð¾Ð¶Ð¸Ñ‚ÑŒ Ð½Ð°Ð²ÑÐµÐ³Ð´Ð°,,,,,,,,,,,,,,,,,,,,,,,,,,,,,,,,,,,,,,,,,,,,,,
listing.dialogs.destroy.disclaimer,The item won't be able to be restored anymore.,,,,,,,,,,,,,,,,,,,,,,,,,åˆ é™¤å†…å®¹å°†æ— æ³•æ¢å¤,,,,PoloÅ¾ku nebude moÅ¾nÃ© znovu obnovit.,,,,,,,,Ce contenu ne pourra pas Ãªtre restaurÃ©,,,,,,,,,,,,,,,,,,,,,,,,,,,,,,,,,,,,,,,,,,,,,,,,,,,,,,Het item kan niet meer worden hersteld.,,,,,,Tego elementu nie bÄ™dzie moÅ¼na przywrÃ³ciÄ‡.,,,,,,,Ð­Ð»ÐµÐ¼ÐµÐ½Ñ‚ Ð½ÐµÐ»ÑŒÐ·Ñ Ð±ÑƒÐ´ÐµÑ‚ Ð²Ð¾ÑÑÑ‚Ð°Ð½Ð¾Ð²Ð¸Ñ‚ÑŒ.,,,,,,,,,,,,,,,,,,,,,,,,,,,,,,,,,,,,,,,,,,,,,,
listing.dialogs.destroy.title,Destroy item,,,,,,,,,,,,,,,,,,,,,,,,,å½»åº•åˆ é™¤å†…å®¹,,,,ZniÄit poloÅ¾ku,,,,,,,,Supprimer dÃ©finitivement,,,,,,,,,,,,,,,,,,,,,,,,,,,,,,,,,,,,,,,,,,,,,,,,,,,,,,Verwijder item,,,,,,UsuÅ„ trwale,,,,,,,Ð£Ð½Ð¸Ñ‡Ñ‚Ð¾Ð¶Ð¸Ñ‚ÑŒ ÑÐ»ÐµÐ¼ÐµÐ½Ñ‚,,,,,,,,,,,,,,,,,,,,,,,,,,,,,,,,,,,,,,,,,,,,,,
listing.dropdown.delete,Delete,,,,,,,,,,,,,,,,,,,,,,,,,ç§»è‡³å›žæ”¶ç«™,,,,Smazat,,,,,,,,Supprimer,,,,,,LÃ¶schen,,,,,,,,,,,,,,,,,,,,Elimina,,,,,,,,,,,,,,,,,,,,,,,,,,,,Verwijderen,Slett,,,,,UsuÅ„,Deletar,Deletar,,,,,Ð£Ð´Ð°Ð»Ð¸Ñ‚ÑŒ,,,,,,,,,,,,,,,,Borrar,,,,,,,,,,,,,,,,,,,,,,,,,,,,,,
listing.dropdown.destroy,Destroy,,,,,,,,,,,,,,,,,,,,,,,,,å½»åº•åˆ é™¤,,,,ZniÄit,,,,,,,,Supprimer dÃ©finitivement,,,,,,Vernichten,,,,,,,,,,,,,,,,,,,,Distruggi,,,,,,,,,,,,,,,,,,,,,,,,,,,,Vernietigen,Fjern,,,,,UsuÅ„ (trwale),Destruir,Destruir,,,,,Ð£Ð½Ð¸Ñ‡Ñ‚Ð¾Ð¶Ð¸Ñ‚ÑŒ,,,,,,,,,,,,,,,,Destruir,,,,,,,,,,,,,,,,,,,,,,,,,,,,,,
listing.dropdown.duplicate,Duplicate,,,,,,,,,,,,,,,,,,,,,,,,,å¤åˆ¶,,,,Duplikovat,,,,,,,,Dupliquer,,,,,,Duplizieren,,,,,,,,,,,,,,,,,,,,Duplica,,,,,,,,,,,,,,,,,,,,,,,,,,,,Dupliceren,Dupliser,,,,,Zduplikuj,Duplicar,Duplicar,,,,,Ð”ÑƒÐ±Ð»Ð¸Ñ€Ð¾Ð²Ð°Ñ‚ÑŒ,,,,,,,,,,,,,,,,Duplicar,,,,,,,,,,,,,,,,,,,,,,,,,,,,,,
listing.dropdown.edit,Edit,,,,,,,,,,,,,,,,,,,,,,,,,ç¼–è¾‘,,,,Editovat,,,,,,,,Modifier,,,,,,Bearbeiten,,,,,,,,,,,,,,,,,,,,Modifica,,,,,,,,,,,,,,,,,,,,,,,,,,,,Bewerken,Rediger,,,,,Edytuj,Editar,Editar,,,,,Ð˜Ð·Ð¼ÐµÐ½Ð¸Ñ‚ÑŒ,,,,,,,,,,,,,,,,Editar,,,,,,,,,,,,,,,,,,,,,,,,,,,,,,
listing.dropdown.feature,Feature,,,,,,,,,,,,,,,,,,,,,,,,,ç‰¹åˆ«å±•ç¤º,,,,Feature,,,,,,,,Mettre en avant,,,,,,Hervorheben,,,,,,,,,,,,,,,,,,,,Promuovi,,,,,,,,,,,,,,,,,,,,,,,,,,,,Markeren,Fremhev,,,,,WyrÃ³Å¼nij,RealÃ§ar,RealÃ§ar,,,,,Ð’Ñ‹Ð´ÐµÐ»Ð¸Ñ‚ÑŒ,,,,,,,,,,,,,,,,Destacar,,,,,,,,,,,,,,,,,,,,,,,,,,,,,,
listing.dropdown.publish,Publish,,,,,,,,,,,,,,,,,,,,,,,,,å‘å¸ƒ,,,,Publish,,,,,,,,Publier,,,,,,VerÃ¶ffentlichen,,,,,,,,,,,,,,,,,,,,Pubblica,,,,,,,,,,,,,,,,,,,,,,,,,,,,Publiceren,Publiser,,,,,Opublikuj,Publicar,Publicar,,,,,ÐžÐ¿ÑƒÐ±Ð»Ð¸ÐºÐ¾Ð²Ð°Ñ‚ÑŒ,,,,,,,,,,,,,,,,Publicar,,,,,,,,,,,,,,,,,,,,,,,,,,,,,,
listing.dropdown.restore,Restore,,,,,,,,,,,,,,,,,,,,,,,,,æ¢å¤,,,,Obnovit,,,,,,,,Restaurer,,,,,,Wiederherstellen,,,,,,,,,,,,,,,,,,,,Ripristina,,,,,,,,,,,,,,,,,,,,,,,,,,,,Herstellen,Gjenopprett,,,,,PrzyrwÃ³Ä‡,Restaurar,Restaurar,,,,,Ð’Ð¾ÑÑÑ‚Ð°Ð½Ð¾Ð²Ð¸Ñ‚ÑŒ,,,,,,,,,,,,,,,,Restaurar,,,,,,,,,,,,,,,,,,,,,,,,,,,,,,
listing.dropdown.unfeature,Unfeature,,,,,,,,,,,,,,,,,,,,,,,,,å–æ¶ˆç‰¹åˆ«å±•ç¤º,,,,Odebrat z doporuÄenÃ½ch,,,,,,,,Ne plus mettre en avant,,,,,,Hervorhebung aufheben,,,,,,,,,,,,,,,,,,,,Non promuovere,,,,,,,,,,,,,,,,,,,,,,,,,,,,Demarkeren,Fjern fremheving,,,,,Unfeature,Remover realce,Remover realce,,,,,Ð£Ð±Ñ€Ð°Ñ‚ÑŒ Ñ Ð²Ñ‹Ð´ÐµÐ»ÐµÐ½Ð½Ñ‹Ñ…,,,,,,,,,,,,,,,,Unfeature,,,,,,,,,,,,,,,,,,,,,,,,,,,,,,
listing.dropdown.unpublish,Unpublish,,,,,,,,,,,,,,,,,,,,,,,,,å–æ¶ˆå‘å¸ƒ,,,,VzÃ­t zpÄ›t publikovÃ¡nÃ­,,,,,,,,DÃ©publier,,,,,,VerÃ¶ffentlichung aufheben,,,,,,,,,,,,,,,,,,,,Spubblica,,,,,,,,,,,,,,,,,,,,,,,,,,,,Depubliceren,Avpubliser,,,,,Cofnij publikacjÄ™,Despublicar,Despublicar,,,,,ÐžÑ‚Ð¼ÐµÐ½Ð¸Ñ‚ÑŒ Ð¿ÑƒÐ±Ð»Ð¸ÐºÐ°Ñ†Ð¸ÑŽ,,,,,,,,,,,,,,,,Despublicar,,,,,,,,,,,,,,,,,,,,,,,,,,,,,,
listing.filter.all-items,All items,,,,,,,,,,,,,,,,,,,,,,,,,å…¨éƒ¨,,,,VÅ¡echny poloÅ¾ky,,,,,,,,Tous,,,,,,Alle Ressourcen,,,,,,,,,,,,,,,,,,,,Tutti,,,,,,,,,,,,,,,,,,,,,,,,,,,,Alle items,Alle elementer,,,,,Wszystko,Tdos os itens,Tdos os itens,,,,,Ð’ÑÐµ,,,,,,,,,,,,,,,,Todos,,,,,,,,,,,,,,,,,,,,,,,,,,,,,,
listing.filter.draft,Draft,,,,,,,,,,,,,,,,,,,,,,,,,è‰ç¨¿,,,,Koncepty,,,,,,,,Brouillons,,,,,,Entwurf,,,,,,,,,,,,,,,,,,,,Bozza,,,,,,,,,,,,,,,,,,,,,,,,,,,,Concept,Kladd,,,,,Wersje robocze,Rascunho,Rascunho,,,,,Ð§ÐµÑ€Ð½Ð¾Ð²Ð¸ÐºÐ¸,,,,,,,,,,,,,,,,Borradores,,,,,,,,,,,,,,,,,,,,,,,,,,,,,,
listing.filter.mine,Mine,,,,,,,,,,,,,,,,,,,,,,,,,æˆ‘çš„,,,,Moje,,,,,,,,Mes contenus,,,,,,Meine,,,,,,,,,,,,,,,,,,,,Miei,,,,,,,,,,,,,,,,,,,,,,,,,,,,Van mij,Mine,,,,,Dodane przeze mnie,Meus,Meus,,,,,ÐœÐ¾Ð¸,,,,,,,,,,,,,,,,Mios,,,,,,,,,,,,,,,,,,,,,,,,,,,,,,
listing.filter.published,Published,,,,,,,,,,,,,,,,,,,,,,,,,å·²å‘å¸ƒ,,,,PublikovanÃ©,,,,,,,,PubliÃ©,,,,,,VerÃ¶ffentlicht,,,,,,,,,,,,,,,,,,,,Pubblicati,,,,,,,,,,,,,,,,,,,,,,,,,,,,Gepubliceerd,Publisert,,,,,Opublikowane,Publicado,Publicado,,,,,ÐžÐ¿ÑƒÐ±Ð»Ð¸ÐºÐ¾Ð²Ð°Ð½Ð½Ñ‹Ðµ,,,,,,,,,,,,,,,,Publicados,,,,,,,,,,,,,,,,,,,,,,,,,,,,,,
listing.filter.trash,Trash,,,,,,,,,,,,,,,,,,,,,,,,,åžƒåœ¾ç®±,,,,KoÅ¡,,,,,,,,Corbeille,,,,,,Papierkorb,,,,,,,,,,,,,,,,,,,,Cestino,,,,,,,,,,,,,,,,,,,,,,,,,,,,Prullenbak,SÃ¸ppel,,,,,Kosz,Lixeira,Lixeira,,,,,Ð£Ð´Ð°Ð»ÐµÐ½Ð½Ñ‹Ðµ,,,,,,,,,,,,,,,,Borrados,,,,,,,,,,,,,,,,,,,,,,,,,,,,,,
listing.languages,Languages,,,,,,,,,,,,,,,,,,,,,,,,,è¯­è¨€,,,,Jazyky,,,,,,,,Langues,,,,,,Sprachen,,,,,,,,,,,,,,,,,,,,Lingue,,,,,,,,,,,,,,,,,,,,,,,,,,,,Talen,SprÃ¥k,,,,,JÄ™zyki,Idiomas,Idiomas,,,,,Ð¯Ð·Ñ‹ÐºÐ¸,,,,,,,,,,,,,,,,Idiomas,,,,,,,,,,,,,,,,,,,,,,,,,,,,,,
listing.listing-empty-message,There is no item here yet.,,,,,,,,,,,,,,,,,,,,,,,,,æ²¡æœ‰å†…å®¹,,,,NenÃ­ zde zatÃ­m Å¾Ã¡dnÃ¡ poloÅ¾ka.,,,,,,,,Il n'y a aucun contenu pour le moment.,,,,,,Es existieren hier noch keine Ressourcen,,,,,,,,,,,,,,,,,,,,Non Ã¨ presente alcun elemento.,,,,,,,,,,,,,,,,,,,,,,,,,,,,Er is nog geen item hier.,Det er ingen elementer her ennÃ¥.,,,,,Nie dodano tutaj jeszcze Å¼adnych rzeczy.,Esta lista ainda estÃ¡ vazia.,Esta lista ainda estÃ¡ vazia.,,,,,ÐÐ¸Ñ‡ÐµÐ³Ð¾ Ð½ÐµÑ‚.,,,,,,,,,,,,,,,,No hay registros para mostrar.,,,,,,,,,,,,,,,,,,,,,,,,,,,,,,
listing.paginate.rows-per-page,Rows per page:,,,,,,,,,,,,,,,,,,,,,,,,,æ¯é¡µè¡Œæ•°ï¼š,,,,Å˜Ã¡dkÅ¯ na strÃ¡nku:,,,,,,,,Lignes par page:,,,,,,,,,,,,,,,,,,,,,,,,,,,,,,,,,,,,,,,,,,,,,,,,,,,,,,Rijen per pagina:,,,,,,Wierszy na stronÄ™:,,,,,,,Ð¡Ñ‚Ñ€Ð¾Ðº Ð½Ð° ÑÑ‚Ñ€Ð°Ð½Ð¸Ñ†Ðµ:,,,,,,,,,,,,,,,,,,,,,,,,,,,,,,,,,,,,,,,,,,,,,,
main.create,Create,,,,,,,,,,,,,,,,,,,,,,,,,åˆ›å»º,,,,VytvoÅ™it,,,,,,,,CrÃ©er,,,,,,Erstellen,,,,,,,,,,,,,,,,,,,,Crea,,,,,,,,,,,,,,,,,,,,,,,,,,,,Aanmaken,Opprett,,,,,UtwÃ³rz,Criar,Criar,,,,,Ð¡Ð¾Ð·Ð´Ð°Ñ‚ÑŒ,,,,,,,,,,,,,,,,Crear,,,,,,,,,,,,,,,,,,,,,,,,,,,,,,
main.draft,Draft,,,,,,,,,,,,,,,,,,,,,,,,,è‰ç¨¿,,,,Koncept,,,,,,,,Brouillon,,,,,,Entwurf,,,,,,,,,,,,,,,,,,,,Bozza,,,,,,,,,,,,,,,,,,,,,,,,,,,,Concept,Kladd,,,,,Wersja robocza,Rascunho,Rascunho,,,,,Ð§ÐµÑ€Ð½Ð¾Ð²Ð¸Ðº,,,,,,,,,,,,,,,,Borrador,,,,,,,,,,,,,,,,,,,,,,,,,,,,,,
main.published,Live,,,,,,,,,,,,,,,,,,,,,,,,,å·²å‘å¸ƒ,,,,PublikovÃ¡no,,,,,,,,PubliÃ©,,,,,,Live,,,,,,,,,,,,,,,,,,,,Pubblicato,,,,,,,,,,,,,,,,,,,,,,,,,,,,Live,Publisert,,,,,Opublikowany,No ar,No ar,,,,,ÐžÐ¿ÑƒÐ±Ð»Ð¸ÐºÐ¾Ð²Ð°Ð½,,,,,,,,,,,,,,,,Live,,,,,,,,,,,,,,,,,,,,,,,,,,,,,,
main.title,Title,,,,,,,,,,,,,,,,,,,,,,,,,æ ‡é¢˜,,,,Nadpis,,,,,,,,Titre,,,,,,Titel,,,,,,,,,,,,,,,,,,,,Titolo,,,,,,,,,,,,,,,,,,,,,,,,,,,,Titel,Tittel,,,,,TytuÅ‚,TÃ­tulo,TÃ­tulo,,,,,Ð—Ð°Ð³Ð¾Ð»Ð¾Ð²Ð¾Ðº,,,,,,,,,,,,,,,,TÃ­tulo,,,,,,,,,,,,,,,,,,,,,,,,,,,,,,
main.update,Update,,,,,,,,,,,,,,,,,,,,,,,,,æ›´æ–°,,,,Aktualizovat,,,,,,,,Mettre Ã  jour,,,,,,Aktualisieren,,,,,,,,,,,,,,,,,,,,Aggiorna,,,,,,,,,,,,,,,,,,,,,,,,,,,,Bijwerken,Endre,,,,,Zapisz,Atualizar,Atualizar,,,,,ÐžÐ±Ð½Ð¾Ð²Ð¸Ñ‚ÑŒ,,,,,,,,,,,,,,,,Actualizar,,,,,,,,,,,,,,,,,,,,,,,,,,,,,,
media-library.files,Files,,,,,,,,,,,,,,,,,,,,,,,,,æ–‡ä»¶,,,,Soubory,,,,,,,,Fichiers,,,,,,Dateien,,,,,,,,,,,,,,,,,,,,Documenti,,,,,,,,,,,,,,,,,,,,,,,,,,,,Bestanden,Filer,,,,,Pliki,Ficheiros,Arquivos,,,,,Ð¤Ð°Ð¹Ð»Ñ‹,,,,,,,,,,,,,,,,Archivos,,,,,,,,,,,,,,,,,,,,,,,,,,,,,,
media-library.filter-select-label,Filter by tag,,,,,,,,,,,,,,,,,,,,,,,,,ä»¥æ ‡ç­¾è¿›è¡Œç­›é€‰,,,,Filtrovrat podle tagu,,,,,,,,Filtrer par tag,,,,,,Nach Tags filtern,,,,,,,,,,,,,,,,,,,,Filtra per Tag,,,,,,,,,,,,,,,,,,,,,,,,,,,,Op tags filteren,Filtrer etter tag,,,,,Filtruj wedÅ‚ug tagÃ³w,Fitrar por tag,Fitrar por tag,,,,,Ð¤Ð¸Ð»ÑŒÑ‚Ñ€Ð¾Ð²Ð°Ñ‚ÑŒ Ð¿Ð¾ Ñ‚ÐµÐ³Ñƒ,,,,,,,,,,,,,,,,Filtrar por etiqueta,,,,,,,,,,,,,,,,,,,,,,,,,,,,,,
media-library.images,Images,,,,,,,,,,,,,,,,,,,,,,,,,å›¾ç‰‡,,,,ObrÃ¡zku,,,,,,,,Images,,,,,,Bilder,,,,,,,,,,,,,,,,,,,,Immagini,,,,,,,,,,,,,,,,,,,,,,,,,,,,Afbeeldingen,Bilder,,,,,Obrazy,Imagens,Imagens,,,,,Ð˜Ð·Ð¾Ð±Ñ€Ð°Ð¶ÐµÐ½Ð¸Ñ,,,,,,,,,,,,,,,,ImÃ¡genes,,,,,,,,,,,,,,,,,,,,,,,,,,,,,,
media-library.insert,Insert,,,,,,,,,,,,,,,,,,,,,,,,,æ’å…¥,,,,VloÅ¾it,,,,,,,,InsÃ©rer,,,,,,,,,,,,,,,,,,,,,,,,,,,,,,,,,,,,,,,,,,,,,,,,,,,,,,Invoegen,,,,,,Wstaw,,,,,,,,,,,,,,,,,,,,,,,,,,,,,,,,,,,,,,,,,,,,,,,,,,,,,
media-library.sidebar.alt-text,Alt text,,,,,,,,,,,,,,,,,,,,,,,,,æ›¿ä»£æ–‡å­—,,,,AlternativnÃ­ text,,,,,,,,Texte alternatif,,,,,,,,,,,,,,,,,,,,,,,,,,,,,,,,,,,,,,,,,,,,,,,,,,,,,,Alt-tekst,alt tekst,,,,,Tekst alternatywny,,,,,,,Alt,,,,,,,,,,,,,,,,,,,,,,,,,,,,,,,,,,,,,,,,,,,,,,
media-library.sidebar.caption,Caption,,,,,,,,,,,,,,,,,,,,,,,,,æè¿°,,,,Popisek,,,,,,,,LÃ©gende,,,,,,,,,,,,,,,,,,,,,,,,,,,,,,,,,,,,,,,,,,,,,,,,,,,,,,Onderschrift,Bildetekst,,,,,Podpis,,,,,,,,,,,,,,,,,,,,,,,,,,,,,,,,,,,,,,,,,,,,,,,,,,,,,
media-library.sidebar.clear,Clear,,,,,,,,,,,,,,,,,,,,,,,,,æ¸…é™¤,,,,Vymazat,,,,,,,,Annuler,,,,,,Leeren,,,,,,,,,,,,,,,,,,,,Cancella,,,,,,,,,,,,,,,,,,,,,,,,,,,,Leegmaken,TÃ¸m,,,,,WyczyÅ›Ä‡ wybÃ³r,Limpar,Limpar,,,,,Ð¡Ð½ÑÑ‚ÑŒ Ð²Ñ‹Ð´ÐµÐ»ÐµÐ½Ð¸Ðµ,,,,,,,,,,,,,,,,Limpiar,,,,,,,,,,,,,,,,,,,,,,,,,,,,,,
media-library.sidebar.dimensions,Dimensions,,,,,,,,,,,,,,,,,,,,,,,,,å°ºå¯¸,,,,RozmÄ›ry,,,,,,,,Dimensions,,,,,,Dimensionen,,,,,,,,,,,,,,,,,,,,Dimensioni,,,,,,,,,,,,,,,,,,,,,,,,,,,,Dimensies,Dimensjoner,,,,,Wymiary,DimensÃµes,DimensÃµes,,,,,Ð£Ñ€Ð¾Ð²Ð½Ð¸,,,,,,,,,,,,,,,,Dimensiones,,,,,,,,,,,,,,,,,,,,,,,,,,,,,,
media-library.sidebar.empty-text,No file selected,,,,,,,,,,,,,,,,,,,,,,,,,æ²¡æœ‰é€‰ä¸­æ–‡ä»¶,,,,Nebyl vybrÃ¡n Å¾Ã¡dnÃ½ soubor,,,,,,,,Aucun fichier sÃ©lectionnÃ©,,,,,,Keine Datei ausgewÃ¤hlt,,,,,,,,,,,,,,,,,,,,Nessun file selezionato,,,,,,,,,,,,,,,,,,,,,,,,,,,,Geen bestand geselecteerd,Ingen fil valgt,,,,,Nie wybrano Å¼adnego pliku,Nenhum ficheiro selecionado,Nenhum arquivo selecionado,,,,,Ð¤Ð°Ð¹Ð»Ñ‹ Ð½Ðµ Ð²Ñ‹Ð´ÐµÐ»ÐµÐ½Ñ‹,,,,,,,,,,,,,,,,NingÃºn archivo seleccionado,,,,,,,,,,,,,,,,,,,,,,,,,,,,,,
media-library.sidebar.files-selected,files selected,,,,,,,,,,,,,,,,,,,,,,,,,å·²é€‰ä¸­æ–‡ä»¶,,,,vybranÃ½ch souborÅ¯,,,,,,,,fichiers sÃ©lectionnÃ©s,,,,,,Dateien ausgewÃ¤hlt,,,,,,,,,,,,,,,,,,,,file selezionati,,,,,,,,,,,,,,,,,,,,,,,,,,,,bestanden geselecteerd,filer valgt,,,,,pliki wybrano,ficheiros selecionados,arquivos selecionados,,,,,Ñ„Ð°Ð¹Ð»Ð¾Ð² Ð²Ñ‹Ð´ÐµÐ»ÐµÐ½Ð¾,,,,,,,,,,,,,,,,archivos seleccionados,,,,,,,,,,,,,,,,,,,,,,,,,,,,,,
media-library.sidebar.tags,Tags,,,,,,,,,,,,,,,,,,,,,,,,,æ ‡ç­¾,,,,Tagy,,,,,,,,Tags,,,,,,,,,,,,,,,,,,,,,,,,,,,,,,,,,,,,,,,,,,,,,,,,,,,,,,Tags,,,,,,Tagi,,,,,,,Ð¢ÐµÐ³Ð¸,,,,,,,,,,,,,,,,,,,,,,,,,,,,,,,,,,,,,,,,,,,,,,
media-library.title,Media Library,,,,,,,,,,,,,,,,,,,,,,,,,åª’ä½“åº“,,,,Knihovna mÃ©diÃ­,,,,,,,,Galerie de mÃ©dias,,,,,,Medienverzeichnis,,,,,,,,,,,,,,,,,,,,Libreria,,,,,,,,,,,,,,,,,,,,,,,,,,,,Mediabibliotheek,Mediebibliotek,,,,,Biblioteka mediÃ³w,Biblioteca multimÃ©dia,Biblioteca de mÃ­dias,,,,,ÐœÐµÐ´Ð¸Ð° Ð±Ð¸Ð±Ð»Ð¸Ð¾Ñ‚ÐµÐºÐ°,,,,,,,,,,,,,,,,Biblioteca Multimedia,,,,,,,,,,,,,,,,,,,,,,,,,,,,,,
media-library.update,Update,,,,,,,,,,,,,,,,,,,,,,,,,æ›´æ–°,,,,Aktualizovat,,,,,,,,Mettre a jour,,,,,,,,,,,,,,,,,,,,,,,,,,,,,,,,,,,,,,,,,,,,,,,,,,,,,,Bijwerken,,,,,,ZmieÅ„,,,,,,,ÐžÐ±Ð½Ð¾Ð²Ð¸Ñ‚ÑŒ,,,,,,,,,,,,,,,,,,,,,,,,,,,,,,,,,,,,,,,,,,,,,,
modal.create.button,Create,,,,,,,,,,,,,,,,,,,,,,,,,åˆ›å»º,,,,VytvoÅ™it,,,,,,,,CrÃ©er,,,,,,Erstellen,,,,,,,,,,,,,,,,,,,,Crea,,,,,,,,,,,,,,,,,,,,,,,,,,,,Aanmaken,Opprett,,,,,UtwÃ³rz,Criar,Criar,,,,,Ð¡Ð¾Ð·Ð´Ð°Ñ‚ÑŒ,,,,,,,,,,,,,,,,Crear,,,,,,,,,,,,,,,,,,,,,,,,,,,,,,
modal.create.create-another,Create and add another,,,,,,,,,,,,,,,,,,,,,,,,,ç»§ç»­åˆ›å»º,,,,VytvoÅ™it a pÅ™idat dalÅ¡Ã­,,,,,,,,CrÃ©er et ajouter un(e) autre,,,,,,Erstellen und noch etwas hinzufÃ¼gen,,,,,,,,,,,,,,,,,,,,Crea e aggiungi ancora,,,,,,,,,,,,,,,,,,,,,,,,,,,,Aanmaken en andere toevoegen,Opprett og lag ny,,,,,UtwÃ³rz i dodaj nowy,Gravar e criar outro,Gravar e criar outro,,,,,Ð¡Ð¾Ð·Ð´Ð°Ñ‚ÑŒ Ð¸ Ð´Ð¾Ð±Ð°Ð²Ð¸Ñ‚ÑŒ Ð´Ñ€ÑƒÐ³ÑƒÑŽ,,,,,,,,,,,,,,,,Crear y agregar otro,,,,,,,,,,,,,,,,,,,,,,,,,,,,,,
modal.create.title,Add new,,,,,,,,,,,,,,,,,,,,,,,,,åˆ›å»ºæ–°å†…å®¹,,,,PÅ™idat novÃ½,,,,,,,,Ajouter,,,,,,Neu erstellen,,,,,,,,,,,,,,,,,,,,Nuovo,,,,,,,,,,,,,,,,,,,,,,,,,,,,Nieuw toevoegen,Opprett ny,,,,,Dodaj nowy,Criar novo,Criar novo,,,,,Ð”Ð¾Ð±Ð°Ð²Ð¸Ñ‚ÑŒ Ð½Ð¾Ð²Ñ‹Ð¹,,,,,,,,,,,,,,,,Agregar nuevo,,,,,,,,,,,,,,,,,,,,,,,,,,,,,,
modal.permalink-field,Permalink,,,,,,,,,,,,,,,,,,,,,,,,,é“¾æŽ¥,,,,TrvalÃ½ odkaz,,,,,,,,Permalien,,,,,,Permalink,,,,,,,,,,,,,,,,,,,,Permalink,,,,,,,,,,,,,,,,,,,,,,,,,,,,Permalink,Permalenke,,,,,BezpoÅ›redni link,Link permanente,Link permanente,,,,,ÐŸÐ¾ÑÑ‚Ð¾ÑÐ½Ð½Ð°Ñ ÑÑÑ‹Ð»ÐºÐ°,,,,,,,,,,,,,,,,Permalink,,,,,,,,,,,,,,,,,,,,,,,,,,,,,,
modal.title-field,Title,,,,,,,,,,,,,,,,,,,,,,,,,æ ‡é¢˜,,,,Nadpis,,,,,,,,Titre,,,,,,Titel,,,,,,,,,,,,,,,,,,,,Titolo,,,,,,,,,,,,,,,,,,,,,,,,,,,,Titel,Tittel,,,,,TytuÅ‚,TÃ­tulo,TÃ­tulo,,,,,Ð—Ð°Ð³Ð¾Ð»Ð¾Ð²Ð¾Ðº,,,,,,,,,,,,,,,,TÃ­tulo,,,,,,,,,,,,,,,,,,,,,,,,,,,,,,
modal.update.button,Update,,,,,,,,,,,,,,,,,,,,,,,,,æ›´æ–°,,,,Aktualizovat,,,,,,,,Mettre Ã  jour,,,,,,,,,,,,,,,,,,,,,,,,,,,,,,,,,,,,,,,,,,,,,,,,,,,,,,Bijwerken,,,,,,Zapisz,,,,,,,ÐžÐ±Ð½Ð¾Ð²Ð¸Ñ‚ÑŒ,,,,,,,,,,,,,,,,,,,,,,,,,,,,,,,,,,,,,,,,,,,,,,
modal.update.title,Update,,,,,,,,,,,,,,,,,,,,,,,,,æ›´æ–°,,,,Aktualizovat,,,,,,,,Mettre Ã  jour,,,,,,Aktualisieren,,,,,,,,,,,,,,,,,,,,Aggiurna,,,,,,,,,,,,,,,,,,,,,,,,,,,,Bijwerken,Oppdater,,,,,Edytuj element,Atualizar,Atualizar,,,,,ÐžÐ±Ð½Ð¾Ð²Ð¸Ñ‚ÑŒ,,,,,,,,,,,,,,,,Actualizar,,,,,,,,,,,,,,,,,,,,,,,,,,,,,,
nav.admin,Admin,,,,,,,,,,,,,,,,,,,,,,,,,ç®¡ç†å‘˜,,,,Admin,,,,,,,,Admin,,,,,,Admin,,,,,,,,,,,,,,,,,,,,Admin,,,,,,,,,,,,,,,,,,,,,,,,,,,,Admin,Administrator,,,,,Administracja,Administrador,Administrador,,,,,ÐÐ´Ð¼Ð¸Ð½Ð¸ÑÑ‚Ñ€Ð°Ñ‚Ð¾Ñ€,,,,,,,,,,,,,,,,Admin,,,,,,,,,,,,,,,,,,,,,,,,,,,,,,
nav.cms-users,CMS Users,,,,,,,,,,,,,,,,,,,,,,,,,ç”¨æˆ·,,,,UÅ¾ivatelÃ©,,,,,,,,Utilisateurs du CMS,,,,,,CMS Benutzer,,,,,,,,,,,,,,,,,,,,CMS Utenti,,,,,,,,,,,,,,,,,,,,,,,,,,,,CMS-gebruikers,CMS Brukere,,,,,UÅ¼ytkownicy panelu,Utilizadores do CMS,UsuÃ¡rios do CMS,,,,,ÐŸÐ¾Ð»ÑŒÐ·Ð¾Ð²Ð°Ñ‚ÐµÐ»Ð¸ CMS,,,,,,,,,,,,,,,,Usuarios,,,,,,,,,,,,,,,,,,,,,,,,,,,,,,
nav.logout,Logout,,,,,,,,,,,,,,,,,,,,,,,,,æ³¨é”€,,,,OdhlÃ¡sit se,,,,,,,,DÃ©connexion,,,,,,Abmelden,,,,,,,,,,,,,,,,,,,,Esci,,,,,,,,,,,,,,,,,,,,,,,,,,,,Uitloggen,Logg ut,,,,,Wyloguj siÄ™,Sair,Sair,,,,,Ð’Ñ‹Ð¹Ñ‚Ð¸,,,,,,,,,,,,,,,,Logout,,,,,,,,,,,,,,,,,,,,,,,,,,,,,,
nav.media-library,Media Library,,,,,,,,,,,,,,,,,,,,,,,,,åª’ä½“åº“,,,,Knihovna mÃ©diÃ­,,,,,,,,Galerie de mÃ©dias,,,,,,Medienverzeichnis,,,,,,,,,,,,,,,,,,,,Libreria,,,,,,,,,,,,,,,,,,,,,,,,,,,,Mediabibliotheek,Mediebibliotek,,,,,Biblioteka mediÃ³w,Biblioteca multimÃ©dia,Biblioteca de mÃ­dias,,,,,ÐœÐµÐ´Ð¸Ð° Ð±Ð¸Ð±Ð»Ð¸Ð¾Ñ‚ÐµÐºÐ°,,,,,,,,,,,,,,,,Biblioteca Multimedia,,,,,,,,,,,,,,,,,,,,,,,,,,,,,,
nav.settings,Settings,,,,,,,,,,,,,,,,,,,,,,,,,è®¾ç½®,,,,NastavenÃ­,,,,,,,,ParamÃ¨tres,,,,,,Einstellungen,,,,,,,,,,,,,,,,,,,,Impostazioni,,,,,,,,,,,,,,,,,,,,,,,,,,,,Instellingen,Innstillinger,,,,,Ustawienia,ConfiguraÃ§Ãµes,ConfiguraÃ§Ãµes,,,,,ÐÐ°ÑÑ‚Ñ€Ð¾Ð¹ÐºÐ¸,,,,,,,,,,,,,,,,Configuracion,,,,,,,,,,,,,,,,,,,,,,,,,,,,,,
notifications.reset.action,Reset password,,,,,,,,,,,,,,,,,,,,,,,,,é‡ç½®å¯†ç ,,,,Obnovit heslo,,,,,,,,RÃ©initialisation du mot de passe,,,,,,,,,,,,,,,,,,,,,,,,,,,,,,,,,,,,,,,,,,,,,,,,,,,,,,Reset wachtwoord,,,,,,Zresetuj swoje hasÅ‚o,,,,,,,Ð¡Ð±Ñ€Ð¾Ñ Ð¿Ð°Ñ€Ð¾Ð»Ñ,,,,,,,,,,,,,,,,,,,,,,,,,,,,,,,,,,,,,,,,,,,,,,
notifications.reset.content,You are receiving this email because we received a password reset. If you did not request a password reset, no further action is required.,,,,,,,,,,,,,,,,,,,,,,,,,æ‚¨æ”¶åˆ°è¿™å°é‚®ä»¶å› ä¸ºæˆ‘ä»¬æ”¶åˆ°äº†ä½ çš„å¯†ç é‡ç½®ç”³è¯·ï¼Œå¦‚æžœä¸æ˜¯ä½ æ“ä½œçš„ï¼Œè¯·å¿½è§†æœ¬é‚®ä»¶ã€‚,,,,ObrÅ¾eli jste tento e-mail, jelikoÅ¾ jsme zaznamenali Å¾Ã¡dost o obnovenÃ­ hesla. Pokud jste o nic neÅ¾Ã¡dali, nenÃ­ nutnÃ¡ Å¾Ã¡dnÃ¡ dalÅ¡Ã­ akce.,,,,,,,,Vous recevez cet e-mail car nous avons reÃ§u une rÃ©initialisation de mot de passe. Si vous n'avez pas demandÃ© de rÃ©initialisation du mot de passe, aucune autre action n'est requise.,,,,,,,,,,,,,,,,,,,,,,,,,,,,,,,,,,,,,,,,,,,,,,,,,,,,,,U ontvangt deze e-mail omdat we een wachtwoordreset hebben ontvangen. Als u geen wachtwoordreset heeft aangevraagd hoeft u niets te doen.,,,,,,Otrzymujesz tÄ… wiadomoÅ›Ä‡ poniewaÅ¼ ktoÅ› zgÅ‚osiÅ‚ proÅ›bÄ™ o zresetowanie hasÅ‚a dla tego konta. JeÅ¼eli nie byÅ‚eÅ› to ty, moÅ¼esz po prostu zignorowaÄ‡ tÄ… wiadomoÅ›Ä‡.,,,,,,,Ð’Ñ‹ Ð¿Ð¾Ð»ÑƒÑ‡Ð¸Ð»Ð¸ ÑÑ‚Ð¾ Ð¿Ð¸ÑÑŒÐ¼Ð¾, Ð¿Ð¾Ñ‚Ð¾Ð¼Ñƒ Ñ‡Ñ‚Ð¾ Ð¼Ñ‹ Ð¿Ð¾Ð»ÑƒÑ‡Ð¸Ð»Ð¸ Ð·Ð°Ð¿Ñ€Ð¾Ñ Ð½Ð° ÑÐ±Ñ€Ð¾Ñ Ð¿Ð°Ñ€Ð¾Ð»Ñ. Ð•ÑÐ»Ð¸ Ð²Ñ‹ Ð½Ðµ Ð·Ð°Ð¿Ñ€Ð°ÑˆÐ¸Ð²Ð°Ð»Ð¸ ÑÐ±Ñ€Ð¾Ñ Ð¿Ð°Ñ€Ð¾Ð»Ñ, Ð½Ð¸ÐºÐ°ÐºÐ¸Ñ… Ð´Ð°Ð»ÑŒÐ½ÐµÐ¹ÑˆÐ¸Ñ… Ð´ÐµÐ¹ÑÑ‚Ð²Ð¸Ð¹ Ð½Ðµ Ñ‚Ñ€ÐµÐ±ÑƒÐµÑ‚ÑÑ.,,,,,,,,,,,,,,,,,,,,,,,,,,,,,,,,,,,,,,,,,,,,,,
notifications.welcome.action,Choose your own password,,,,,,,,,,,,,,,,,,,,,,,,,è®¾ç½®ä½ çš„å¯†ç ,,,,VytvoÅ™te si svÃ© vlastnÃ­ heslo,,,,,,,,Choisissez votre propre mot de passe,,,,,,,,,,,,,,,,,,,,,,,,,,,,,,,,,,,,,,,,,,,,,,,,,,,,,,Kies uw eigen wachtwoord,,,,,,Ustaw swoje hasÅ‚o,,,,,,,,,,,,,,,,,,,,,,,,,,,,,,,,,,,,,,,,,,,,,,,,,,,,,
notifications.welcome.content,You are receiving this email because an account was created for you on :name.,,,,,,,,,,,,,,,,,,,,,,,,,ä½ æ”¶åˆ°æœ¬é‚®ä»¶å› ä¸ºæˆ‘ä»¬ä¸ºä½ åˆ›å»ºäº†ä¸€ä¸ªæ–°è´¦å· :name.,,,,ObdrÅ¾eli jste tento e-mail, protoÅ¾e byl pro VÃ¡s vytvoÅ™en ÃºÄet na jmÃ©no :name.,,,,,,,,Vous recevez cet e-mail car un compte a Ã©tÃ© crÃ©Ã© pour vous sur :nom.,,,,,,,,,,,,,,,,,,,,,,,,,,,,,,,,,,,,,,,,,,,,,,,,,,,,,,U ontvangt deze e-mail omdat er een account is gemaakt voor u op :naam.,,,,,,Otrzymujesz tÄ… wiadomoÅ›Ä‡ poniewaÅ¼ zostaÅ‚o utworzone dla ciebie konto na :name.,,,,,,,Ð’Ñ‹ Ð¿Ð¾Ð»ÑƒÑ‡Ð¸Ð»Ð¸ ÑÑ‚Ð¾ Ð¿Ð¸ÑÑŒÐ¼Ð¾, Ð¿Ð¾Ñ‚Ð¾Ð¼Ñƒ Ñ‡Ñ‚Ð¾ Ð´Ð»Ñ Ð²Ð°Ñ Ð±Ñ‹Ð»Ð° ÑÐ¾Ð·Ð´Ð°Ð½Ð° ÑƒÑ‡ÐµÑ‚Ð½Ð°Ñ Ð·Ð°Ð¿Ð¸ÑÑŒ :name.,,,,,,,,,,,,,,,,,,,,,,,,,,,,,,,,,,,,,,,,,,,,,,
notifications.welcome.title,Welcome,,,,,,,,,,,,,,,,,,,,,,,,,æ¬¢è¿Ž,,,,VÃ­tejte,,,,,,,,Bienvenue,,,,,,,,,,,,,,,,,,,,,,,,,,,,,,,,,,,,,,,,,,,,,,,,,,,,,,Welkom,,,,,,Witaj,,,,,,,Ð”Ð¾Ð±Ñ€Ð¾ Ð¿Ð¾Ð¶Ð°Ð»Ð¾Ð²Ð°Ñ‚ÑŒ,,,,,,,,,,,,,,,,,,,,,,,,,,,,,,,,,,,,,,,,,,,,,,
overlay.close,Close,,,,,,,,,,,,,,,,,,,,,,,,,å…³é—­,,,,ZavÅ™Ã­t,,,,,,,,Fermer,,,,,,,,,,,,,,,,,,,,,,,,,,,,,,,,,,,,,,,,,,,,,,,,,,,,,,Sluiten,,,,,,Zamknij,,,,,,,Ð—Ð°ÐºÑ€Ñ‹Ñ‚ÑŒ,,,,,,,,,,,,,,,,,,,,,,,,,,,,,,,,,,,,,,,,,,,,,,
previewer.compare-view,Compare view,,,,,,,,,,,,,,,,,,,,,,,,,å¯¹æ¯”æ¨¡å¼,,,,Porovnat zobrazenÃ­,,,,,,,,Comparer,,,,,,,,,,,,,,,,,,,,,,,,,,,,,,,,,,,,,,,,,,,,,,,,,,,,,,Vergelijk weergave,,,,,,PorÃ³wnaj wersje,,,,,,,Ð¡Ñ€Ð°Ð²Ð½Ð¸Ñ‚ÑŒ,,,,,,,,,,,,,,,,,,,,,,,,,,,,,,,,,,,,,,,,,,,,,,
previewer.current-revision,Current,,,,,,,,,,,,,,,,,,,,,,,,,å½“å‰ä¿®æ”¹,,,,StÃ¡vajÃ­cÃ­,,,,,,,,Active,,,,,,,,,,,,,,,,,,,,,,,,,,,,,,,,,,,,,,,,,,,,,,,,,,,,,,Actueel,,,,,,Najnowsza,,,,,,,Ð¢ÐµÐºÑƒÑ‰Ð¸Ð¹,,,,,,,,,,,,,,,,,,,,,,,,,,,,,,,,,,,,,,,,,,,,,,
previewer.editor,Editor,,,,,,,,,,,,,,,,,,,,,,,,,ç¼–è¾‘å™¨,,,,Editor,,,,,,,,Editeur,,,,,,,,,,,,,,,,,,,,,,,,,,,,,,,,,,,,,,,,,,,,,,,,,,,,,,Editor,,,,,,Edytor,,,,,,,Ð ÐµÐ´Ð°ÐºÑ‚Ð¾Ñ€,,,,,,,,,,,,,,,,,,,,,,,,,,,,,,,,,,,,,,,,,,,,,,
previewer.last-edit,Last edited,,,,,,,,,,,,,,,,,,,,,,,,,æœ€åŽä¸€æ¬¡ç¼–è¾‘,,,,PoslednÃ­ Ãºprava,,,,,,,,EditÃ© le,,,,,,,,,,,,,,,,,,,,,,,,,,,,,,,,,,,,,,,,,,,,,,,,,,,,,,Laatst gewijzigd,,,,,,Ostatnia zmiana,,,,,,,ÐŸÐ¾ÑÐ»ÐµÐ´Ð½ÑÑ Ñ€ÐµÐ´Ð°ÐºÑ†Ð¸Ñ,,,,,,,,,,,,,,,,,,,,,,,,,,,,,,,,,,,,,,,,,,,,,,
previewer.past-revision,Past,,,,,,,,,,,,,,,,,,,,,,,,,æ›¾ç»ç¼–è¾‘,,,,MinulÃ© revize,,,,,,,,Ancienne,,,,,,,,,,,,,,,,,,,,,,,,,,,,,,,,,,,,,,,,,,,,,,,,,,,,,,Verleden,,,,,,Starsza,,,,,,,,,,,,,,,,,,,,,,,,,,,,,,,,,,,,,,,,,,,,,,,,,,,,,
previewer.restore,Restore,,,,,,,,,,,,,,,,,,,,,,,,,æ¢å¤,,,,Obnovit,,,,,,,,Restaurer,,,,,,,,,,,,,,,,,,,,,,,,,,,,,,,,,,,,,,,,,,,,,,,,,,,,,,Herstellen,,,,,,PrzywrÃ³Ä‡,,,,,,,Ð’Ð¾ÑÑÑ‚Ð°Ð½Ð¾Ð²Ð¸Ñ‚ÑŒ,,,,,,,,,,,,,,,,,,,,,,,,,,,,,,,,,,,,,,,,,,,,,,
previewer.revision-history,Revision history,,,,,,,,,,,,,,,,,,,,,,,,,ä¿®æ”¹åŽ†å²,,,,Historie verzÃ­,,,,,,,,Historique des revisions,,,,,,,,,,,,,,,,,,,,,,,,,,,,,,,,,,,,,,,,,,,,,,,,,,,,,,Revisiegeschiedenis,,,,,,Historia zmian,,,,,,,Ð˜ÑÑ‚Ð¾Ñ€Ð¸Ñ Ð¸Ð·Ð¼ÐµÐ½ÐµÐ½Ð¸Ð¹,,,,,,,,,,,,,,,,,,,,,,,,,,,,,,,,,,,,,,,,,,,,,,
previewer.single-view,Single view,,,,,,,,,,,,,,,,,,,,,,,,,å•ä¸€æ¨¡å¼,,,,JednoduchÃ© zobrazenÃ­,,,,,,,,PrÃ©visualiser les changements,,,,,,,,,,,,,,,,,,,,,,,,,,,,,,,,,,,,,,,,,,,,,,,,,,,,,,,,,,,,WyÅ›wietl tylko starszÄ…,,,,,,,,,,,,,,,,,,,,,,,,,,,,,,,,,,,,,,,,,,,,,,,,,,,,,
previewer.title,Preview changes,,,,,,,,,,,,,,,,,,,,,,,,,é¢„è§ˆä¿®æ”¹å†…å®¹,,,,NÃ¡hled zmÄ›n,,,,,,,,PrÃ©visualiser les changements,,,,,,,,,,,,,,,,,,,,,,,,,,,,,,,,,,,,,,,,,,,,,,,,,,,,,,Voorbeeld van wijzigingen,,,,,,PodglÄ…d zmian,,,,,,,ÐŸÑ€ÐµÐ´Ð¿Ñ€Ð¾ÑÐ¼Ð¾Ñ‚Ñ€ Ð¸Ð·Ð¼ÐµÐ½ÐµÐ½Ð¸Ð¹,,,,,,,,,,,,,,,,,,,,,,,,,,,,,,,,,,,,,,,,,,,,,,
previewer.unsaved,Previewing with your unsaved changes,,,,,,,,,,,,,,,,,,,,,,,,,é¢„è§ˆæ¨¡å¼(å†…å®¹æœªä¿å­˜),,,,NÃ¡hled bez uloÅ¾enÃ­,,,,,,,,PrÃ©visualisation de vos changements non sauvegardÃ©s,,,,,,,,,,,,,,,,,,,,,,,,,,,,,,,,,,,,,,,,,,,,,,,,,,,,,,Een voorbeeld van met niet-opgeslagen wijzigingen,,,,,,PodglÄ…d zawiera twoje niezapisane zmiany,,,,,,,,,,,,,,,,,,,,,,,,,,,,,,,,,,,,,,,,,,,,,,,,,,,,,
publisher.cancel,Cancel,,,,,,,,,,,,,,,,,,,,,,,,,å–æ¶ˆ,,,,ZruÅ¡it,,,,,,,,Annuler,,,,,,Abbrechen,,,,,,,,,,,,,,,,,,,,Annulla,,,,,,,,,,,,,,,,,,,,,,,,,,,,Annuleren,Avbryt,,,,,Anuluj,Cancelar,Cancelar,,,,,ÐžÑ‚Ð¼ÐµÐ½Ð°,,,,,,,,,,,,,,,,Cancelar,,,,,,,,,,,,,,,,,,,,,,,,,,,,,,
publisher.current,Current,,,,,,,,,,,,,,,,,,,,,,,,,å½“å‰çš„,,,,StÃ¡vajÃ­cÃ­,,,,,,,,Active,,,,,,,,,,,,,,,,,,,,,,,,,,,,,,,,,,,,,,,,,,,,,,,,,,,,,,Actueel,,,,,,Najnowsza,,,,,,,Ð¢ÐµÐºÑƒÑ‰Ð¸Ð¹,,,,,,,,,,,,,,,,,,,,,,,,,,,,,,,,,,,,,,,,,,,,,,
publisher.end-date,End Date,,,,,,,,,,,,,,,,,,,,,,,,,ç»“æŸæ—¥æœŸ,,,,PoslednÃ­ datum,,,,,,,,Date de fin,,,,,,,,,,,,,,,,,,,,,,,,,,,,,,,,,,,,,,,,,,,,,,,,,,,,,,Einddatum,,,,,,Koniec publikacji,,,,,,,ÐžÐºÐ¾Ð½Ñ‡Ð°Ð½Ð¸Ðµ Ð°ÐºÑ‚Ð¸Ð²Ð½Ð¾ÑÑ‚Ð¸,,,,,,,,,,,,,,,,,,,,,,,,,,,,,,,,,,,,,,,,,,,,,,
publisher.immediate,Immediate,,,,,,,,,,,,,,,,,,,,,,,,,ç«‹å³,,,,OkamÅ¾itÃ½,,,,,,,,Maintenant,,,,,,,,,,,,,,,,,,,,,,,,,,,,,,,,,,,,,,,,,,,,,,,,,,,,,,Onmiddellijk,,,,,,Natychmiast,,,,,,,ÐÐµÐ¼ÐµÐ´Ð»ÐµÐ½Ð½Ð¾,,,,,,,,,,,,,,,,,,,,,,,,,,,,,,,,,,,,,,,,,,,,,,
publisher.languages,Languages,,,,,,,,,,,,,,,,,,,,,,,,,è¯­è¨€,,,,Jazyky,,,,,,,,Languages,,,,,,,,,,,,,,,,,,,,,,,,,,,,,,,,,,,,,,,,,,,,,,,,,,,,,,Talen,,,,,,JÄ™zyki,,,,,,,Ð¯Ð·Ñ‹ÐºÐ¸,,,,,,,,,,,,,,,,,,,,,,,,,,,,,,,,,,,,,,,,,,,,,,
publisher.languages-published,Live,,,,,,,,,,,,,,,,,,,,,,,,,å·²å‘å¸ƒ,,,,Å½ivÄ›,,,,,,,,Publie,,,,,,,,,,,,,,,,,,,,,,,,,,,,,,,,,,,,,,,,,,,,,,,,,,,,,,Live,,,,,,opublikowano,,,,,,,,,,,,,,,,,,,,,,,,,,,,,,,,,,,,,,,,,,,,,,,,,,,,,
publisher.last-edit,Last edited,,,,,,,,,,,,,,,,,,,,,,,,,æœ€åŽä¸€æ¬¡ç¼–è¾‘,,,,Naposledy upraveno,,,,,,,,EditÃ© le,,,,,,,,,,,,,,,,,,,,,,,,,,,,,,,,,,,,,,,,,,,,,,,,,,,,,,Laatst gewijzigd,,,,,,Ostatnia zmiana,,,,,,,ÐŸÐ¾ÑÐ»ÐµÐ´Ð½ÐµÐµ Ð¸Ð·Ð¼ÐµÐ½ÐµÐ½Ð¸Ðµ,,,,,,,,,,,,,,,,,,,,,,,,,,,,,,,,,,,,,,,,,,,,,,
publisher.preview,Preview changes,,,,,,,,,,,,,,,,,,,,,,,,,é¢„è§ˆä¿®æ”¹,,,,NÃ¡hled zmÄ›n,,,,,,,,PrÃ©visualiser les changements,,,,,,,,,,,,,,,,,,,,,,,,,,,,,,,,,,,,,,,,,,,,,,,,,,,,,,Voorbeeld van wijzigingen,,,,,,PodglÄ…d zmian,,,,,,,ÐŸÑ€ÐµÐ´Ð¿Ñ€Ð¾ÑÐ¼Ð¾Ñ‚Ñ€ Ð¸Ð·Ð¼ÐµÐ½ÐµÐ½Ð¸Ð¹,,,,,,,,,,,,,,,,,,,,,,,,,,,,,,,,,,,,,,,,,,,,,,
publisher.publish,Publish,,,,,,,,,,,,,,,,,,,,,,,,,å‘å¸ƒ,,,,PublikovÃ¡no,,,,,,,,Publier,,,,,,VerÃ¶ffentlichen,,,,,,,,,,,,,,,,,,,,Pubblica,,,,,,,,,,,,,,,,,,,,,,,,,,,,Publiceren,Publiser,,,,,Opublikuj,Publicar,Publicar,,,,,ÐžÐ¿ÑƒÐ±Ð»Ð¸ÐºÐ¾Ð²Ð°Ñ‚ÑŒ,,,,,,,,,,,,,,,,Publicar,,,,,,,,,,,,,,,,,,,,,,,,,,,,,,
publisher.publish-close,Publish and close,,,,,,,,,,,,,,,,,,,,,,,,,å‘å¸ƒå¹¶å…³é—­,,,,Publikovat a zavÅ™Ã­t,,,,,,,,Publier et fermer,,,,,,VerÃ¶ffentlichen und schlieÃŸen,,,,,,,,,,,,,,,,,,,,Pubblica e chiudi,,,,,,,,,,,,,,,,,,,,,,,,,,,,Publiceren en sluiten,Publiser og lukk,,,,,Opublikuj i zamknij,Publicar e fechar,Publicar e fechar,,,,,ÐžÐ¿ÑƒÐ±Ð»Ð¸ÐºÐ¾Ð²Ð°Ñ‚ÑŒ Ð¸ Ð·Ð°ÐºÑ€Ñ‹Ñ‚ÑŒ,,,,,,,,,,,,,,,,Publicar y cerrar,,,,,,,,,,,,,,,,,,,,,,,,,,,,,,
publisher.publish-new,Publish and create new,,,,,,,,,,,,,,,,,,,,,,,,,å‘å¸ƒå¹¶åˆ›å»ºæ–°å†…å®¹,,,,Publikovat a vytvoÅ™it novÃ½,,,,,,,,Publier et crÃ©er un nouveau,,,,,,VerÃ¶ffentlichen und neu erstellen,,,,,,,,,,,,,,,,,,,,Pubblica e crea nuovo,,,,,,,,,,,,,,,,,,,,,,,,,,,,Publiceren en nieuwe aanmaken,Publiser og opprett ny,,,,,Opublikuj i dodaj nowy,Publicar e criar outro,Publicar e criar outro,,,,,ÐžÐ¿ÑƒÐ±Ð»Ð¸ÐºÐ¾Ð²Ð°Ñ‚ÑŒ Ð¸ ÑÐ¾Ð·Ð´Ð°Ñ‚ÑŒ ÐµÑ‰Ðµ,,,,,,,,,,,,,,,,Publicar y crear nuevo,,,,,,,,,,,,,,,,,,,,,,,,,,,,,,
publisher.published-on,Published on,,,,,,,,,,,,,,,,,,,,,,,,,å‘å¸ƒæ—¥æœŸ,,,,PublikovÃ¡no,,,,,,,,PubliÃ© le,,,,,,,,,,,,,,,,,,,,,,,,,,,,,,,,,,,,,,,,,,,,,,,,,,,,,,Gepubliceerd op,,,,,,Data publikacji,,,,,,,,,,,,,,,,,,,,,,,,,,,,,,,,,,,,,,,,,,,,,,,,,,,,,
publisher.restore-draft,Restore as a draft,,,,,,,,,,,,,,,,,,,,,,,,,æ¢å¤ä¸ºè‰ç¨¿,,,,Obnovit jako koncept,,,,,,,,Restaurer en tant que brouillon,,,,,,,,,,,,,,,,,,,,,,,,,,,,,,,,,,,,,,,,,,,,,,,,,,,,,,Herstel als concept,,,,,,PrzywrÃ³Ä‡ jako wersja robocza,,,,,,,,,,,,,,,,,,,,,,,,,,,,,,,,,,,,,,,,,,,,,,,,,,,,,
publisher.restore-draft-close,Restore as a draft and close,,,,,,,,,,,,,,,,,,,,,,,,,æ¢å¤ä¸ºè‰ç¨¿å¹¶å…³é—­,,,,Obnovit jako koncept a zavÅ™Ã­t,,,,,,,,Restaurer en tant que brouillon et fermer,,,,,,,,,,,,,,,,,,,,,,,,,,,,,,,,,,,,,,,,,,,,,,,,,,,,,,Herstel als concept en sluit,,,,,,PrzywrÃ³Ä‡ jako wersja robocza i zamknij,,,,,,,,,,,,,,,,,,,,,,,,,,,,,,,,,,,,,,,,,,,,,,,,,,,,,
publisher.restore-draft-new,Restore as a draft and create new,,,,,,,,,,,,,,,,,,,,,,,,,æ¢å¤ä¸ºè‰ç¨¿å¹¶åˆ›å»ºæ–°çš„,,,,Obnovit jako koncept a vytvoÅ™it novÃ½,,,,,,,,Restaurer en tant que brouillon et crÃ©er un nouveau,,,,,,,,,,,,,,,,,,,,,,,,,,,,,,,,,,,,,,,,,,,,,,,,,,,,,,Herstel als concept en maak nieuw,,,,,,PrzywrÃ³Ä‡ jako wersja robocza i dodaj nowy,,,,,,,,,,,,,,,,,,,,,,,,,,,,,,,,,,,,,,,,,,,,,,,,,,,,,
publisher.restore-live,Restore as published,,,,,,,,,,,,,,,,,,,,,,,,,æ¢å¤ä¸ºå·²å‘å¸ƒ,,,,Obnovit jako publikovanÃ©,,,,,,,,Restaurer avec le statut publiÃ©,,,,,,,,,,,,,,,,,,,,,,,,,,,,,,,,,,,,,,,,,,,,,,,,,,,,,,Herstellen zoals gepubliceerd,,,,,,PrzywrÃ³Ä‡ i opublikuj,,,,,,,,,,,,,,,,,,,,,,,,,,,,,,,,,,,,,,,,,,,,,,,,,,,,,
publisher.restore-live-close,Restore as published and close,,,,,,,,,,,,,,,,,,,,,,,,,æ¢å¤ä¸ºå·²å‘å¸ƒå¹¶å…³é—­,,,,Obnovit jako publikovanÃ© a zavÅ™Ã­t,,,,,,,,Restaurer avec le statut publiÃ© et fermer,,,,,,,,,,,,,,,,,,,,,,,,,,,,,,,,,,,,,,,,,,,,,,,,,,,,,,Herstellen zoals gepubliceerd en sluit,,,,,,PrzywrÃ³Ä‡, opublikuj i zamknij,,,,,,,,,,,,,,,,,,,,,,,,,,,,,,,,,,,,,,,,,,,,,,,,,,,,,
publisher.restore-live-new,Restore as published and create new,,,,,,,,,,,,,,,,,,,,,,,,,æ¢å¤ä¸ºå·²å‘å¸ƒå¹¶åˆ›å»ºæ–°çš„,,,,Obnovit jako publikovanÃ© a vytvoÅ™it novÃ©,,,,,,,,Restaurer avec le statut publiÃ© et crÃ©er un nouveau,,,,,,,,,,,,,,,,,,,,,,,,,,,,,,,,,,,,,,,,,,,,,,,,,,,,,,Herstellen zoals gepubliceerd en maak nieuw,,,,,,PrzywrÃ³Ä‡, opublikuj i dodaj nowy,,,,,,,,,,,,,,,,,,,,,,,,,,,,,,,,,,,,,,,,,,,,,,,,,,,,,
publisher.restore-message,You are currently editing an older revision of this content (saved by :user on :date). Make changes if needed and click restore to save a new revision.,,,,,,,,,,,,,,,,,,,,,,,,,ä½ å½“å‰åœ¨ç¼–è¾‘ä¸€ä¸ªæ—§çš„ç‰ˆæœ¬(ç”± :user åœ¨ :date æ‰€ä¿®æ”¹)ï¼Œè¯·ä¿®æ”¹å®ŒæˆåŽç‚¹å‡»æ¢å¤å°†å…¶ä¿å­˜ã€‚,,,,PrÃ¡vÄ› upravujete starÅ¡Ã­ verzi tohoto obsahu (uloÅ¾eno :date uÅ¾ivatelem :user). ProveÄte nutnÃ© zmÄ›ny a kliknÄ›te tlaÄÃ­tko obnovit, abyste uloÅ¾ili novou revizi.,,,,,,,,Vous modifiez actuellement une ancienne rÃ©vision de ce contenu (enregistrÃ©e par :user le :date). Apportez les modifications nÃ©cessaires et cliquez sur restaurer pour enregistrer une nouvelle rÃ©vision.,,,,,,,,,,,,,,,,,,,,,,,,,,,,,,,,,,,,,,,,,,,,,,,,,,,,,,U bewerkt momenteel een oudere revisie van deze inhoud (opgeslagen door :user op :date). Breng indien nodig wijzigingen aan en klik op herstellen om een nieuwe revisie op te slaan.,,,,,,JesteÅ› w trakcie edytowania starszej wersji tej strony (zapisanej przez uÅ¼ytkownika :user w :date). Dodaj poÅ¼Ä…dane zmiany, i kliknij 'przywrÃ³Ä‡', aby zapisaÄ‡ stronÄ™ jako nowÄ… wersjÄ™.,,,,,,,,,,,,,,,,,,,,,,,,,,,,,,,,,,,,,,,,,,,,,,,,,,,,,
publisher.restore-success,Revision restored.,,,,,,,,,,,,,,,,,,,,,,,,,å·²æ¢å¤,,,,Revize obnovena.,,,,,,,,RÃ©vision restaurÃ©e.,,,,,,,,,,,,,,,,,,,,,,,,,,,,,,,,,,,,,,,,,,,,,,,,,,,,,,Revisie hersteld.,,,,,,Starsza wersja przywrÃ³cona pomyÅ›lnie.,,,,,,,,,,,,,,,,,,,,,,,,,,,,,,,,,,,,,,,,,,,,,,,,,,,,,
publisher.revisions,Revisions,,,,,,,,,,,,,,,,,,,,,,,,,åŽ†å²ä¿®æ”¹,,,,Revize,,,,,,,,RÃ©visions,,,,,,,,,,,,,,,,,,,,,,,,,,,,,,,,,,,,,,,,,,,,,,,,,,,,,,Herzieningen,,,,,,Historia zmian,,,,,,,,,,,,,,,,,,,,,,,,,,,,,,,,,,,,,,,,,,,,,,,,,,,,,
publisher.save,Save as draft,,,,,,,,,,,,,,,,,,,,,,,,,ä¿å­˜ä¸ºè‰ç¨¿,,,,UloÅ¾it jako koncept,,,,,,,,Enregistrer comme brouillon,,,,,,Als Entwurf speichern,,,,,,,,,,,,,,,,,,,,Salva come Bozza,,,,,,,,,,,,,,,,,,,,,,,,,,,,Opslaan als concept,Lagre som kladd,,,,,Zapisz jako wersja robocza,Salvar como rascunho,Salvar como rascunho,,,,,Ð¡Ð¾Ñ…Ñ€Ð°Ð½Ð¸Ñ‚ÑŒ ÐºÐ°Ðº Ñ‡ÐµÑ€Ð½Ð¾Ð²Ð¸Ðº,,,,,,,,,,,,,,,,Guardar como borrador,,,,,,,,,,,,,,,,,,,,,,,,,,,,,,
publisher.save-close,Save as draft and close,,,,,,,,,,,,,,,,,,,,,,,,,ä¿å­˜ä¸ºè‰ç¨¿å¹¶å…³é—­,,,,UloÅ¾it jako koncept a zavÅ™Ã­t,,,,,,,,Enregistrer comme brouillon et fermer,,,,,,Als Entwurf speichern und schlieÃŸen,,,,,,,,,,,,,,,,,,,,Salva come Bozza e chiudi,,,,,,,,,,,,,,,,,,,,,,,,,,,,Opslaan als concept en sluiten,Lagre som kladd og lukk,,,,,Zapisz jako wersja robocza i zamknij,Salvar como rascunho e fechar,Salvar como rascunho e fechar,,,,,Ð¡Ð¾Ñ…Ñ€Ð°Ð½Ð¸Ñ‚ÑŒ ÐºÐ°Ðº Ñ‡ÐµÑ€Ð½Ð¾Ð²Ð¸Ðº Ð¸ Ð·Ð°ÐºÑ€Ñ‹Ñ‚ÑŒ,,,,,,,,,,,,,,,,Guardar como borrador y cerrar,,,,,,,,,,,,,,,,,,,,,,,,,,,,,,
publisher.save-new,Save as draft and create new,,,,,,,,,,,,,,,,,,,,,,,,,ä¿å­˜ä¸ºè‰ç¨¿å¹¶åˆ›å»ºæ–°å†…å®¹,,,,UloÅ¾it jako koncept a vytvoÅ™it novÃ½,,,,,,,,Enregistrer comme brouillon et crÃ©er un nouveau,,,,,,Als Entwurf speichern und neu erstellen,,,,,,,,,,,,,,,,,,,,Salva come bozza e crea nuovo,,,,,,,,,,,,,,,,,,,,,,,,,,,,Opslaan als concept en nieuwe aanmaken,Lagre som kladd og opprett ny,,,,,Zapisz jako wersja robocza i dodaj nowy,Salvar como rascunho e criar outro,Salvar como rascunho e criar outro,,,,,Ð¡Ð¾Ñ…Ñ€Ð°Ð½Ð¸Ñ‚ÑŒ ÐºÐ°Ðº Ñ‡ÐµÑ€Ð½Ð¾Ð²Ð¸Ðº Ð¸ ÑÐ¾Ð·Ð´Ð°Ñ‚ÑŒ ÐµÑ‰Ðµ,,,,,,,,,,,,,,,,Guardar como borrador y crear nuevo,,,,,,,,,,,,,,,,,,,,,,,,,,,,,,
publisher.save-success,Content saved. All good!,,,,,,,,,,,,,,,,,,,,,,,,,å†…å®¹å·²ä¿å­˜,,,,Obsah uloÅ¾en. VÅ¡echno v poÅ™Ã¡dku!,,,,,,,,Contenu sauvegardÃ©. Tout va bien!,,,,,,,,,,,,,,,,,,,,,,,,,,,,,,,,,,,,,,,,,,,,,,,,,,,,,,Inhoud is succesvol opgeslagen!,,,,,,Strona zapisana pomyÅ›lnie.,,,,,,,ÐšÐ¾Ð½Ñ‚ÐµÐ½Ñ‚ ÑÐ¾Ñ…Ñ€Ð°Ð½Ñ‘Ð½. Ð’ÑÑ‘ Ñ…Ð¾Ñ€Ð¾ÑˆÐ¾!,,,,,,,,,,,,,,,,,,,,,,,,,,,,,,,,,,,,,,,,,,,,,,
publisher.start-date,Start Date,,,,,,,,,,,,,,,,,,,,,,,,,å¼€å§‹æ—¥æœŸ,,,,PoÄÃ¡teÄnÃ­ datum,,,,,,,,Date de dÃ©but,,,,,,,,,,,,,,,,,,,,,,,,,,,,,,,,,,,,,,,,,,,,,,,,,,,,,,Startdatum,,,,,,PoczÄ…tek publikacji,,,,,,,ÐÐ°Ñ‡Ð°Ð»Ð¾ Ð°ÐºÑ‚Ð¸Ð²Ð½Ð¾ÑÑ‚Ð¸,,,,,,,,,,,,,,,,,,,,,,,,,,,,,,,,,,,,,,,,,,,,,,
publisher.switcher-title,Status,,,,,,,,,,,,,,,,,,,,,,,,,çŠ¶æ€,,,,Stav,,,,,,,,Statut,,,,,,Status,,,,,,,,,,,,,,,,,,,,Stato,,,,,,,,,,,,,,,,,,,,,,,,,,,,Status,Status,,,,,Stan,SituaÃ§Ã£o,SituaÃ§Ã£o,,,,,Ð¡Ñ‚Ð°Ñ‚ÑƒÑ,,,,,,,,,,,,,,,,Estado,,,,,,,,,,,,,,,,,,,,,,,,,,,,,,
publisher.update,Update,,,,,,,,,,,,,,,,,,,,,,,,,æ›´æ–°,,,,Aktualizovat,,,,,,,,Mettre Ã  jour,,,,,,Aktualisieren,,,,,,,,,,,,,,,,,,,,Aggiorna,,,,,,,,,,,,,,,,,,,,,,,,,,,,Bijwerken,Oppdater,,,,,Zapisz,Atualizar,Atualizar,,,,,ÐžÐ±Ð½Ð¾Ð²Ð¸Ñ‚ÑŒ,,,,,,,,,,,,,,,,Actualizar,,,,,,,,,,,,,,,,,,,,,,,,,,,,,,
publisher.update-close,Update and close,,,,,,,,,,,,,,,,,,,,,,,,,æ›´æ–°å¹¶å…³é—­,,,,Aktualizovat a zavÅ™Ã­t,,,,,,,,Mettre Ã  jour et fermer,,,,,,Aktualisieren und schlieÃŸen,,,,,,,,,,,,,,,,,,,,Aggiorna e chiudi,,,,,,,,,,,,,,,,,,,,,,,,,,,,Bijwerken en sluiten,Oppdater og lukk,,,,,Zapisz i zamknij,Atualizar e fechar,Atualizar e fechar,,,,,ÐžÐ±Ð½Ð¾Ð²Ð¸Ñ‚ÑŒ Ð¸ Ð·Ð°ÐºÑ€Ñ‹Ñ‚ÑŒ,,,,,,,,,,,,,,,,Actualizar y cerrar,,,,,,,,,,,,,,,,,,,,,,,,,,,,,,
publisher.update-new,Update and create new,,,,,,,,,,,,,,,,,,,,,,,,,æ›´æ–°å¹¶åˆ›å»ºæ–°å†…å®¹,,,,Aktualizovat a vytvoÅ™it novÃ©,,,,,,,,Mettre Ã  jour et crÃ©er un nouveau,,,,,,Aktualisieren und neu erstellen,,,,,,,,,,,,,,,,,,,,Aggiorna e crea nuovo,,,,,,,,,,,,,,,,,,,,,,,,,,,,Bijwerken en nieuwe aanmaken,Oppdater og opprett ny,,,,,Zapisz i dodaj nowy,Atualizar e criar outro,Atualizar e criar outro,,,,,ÐžÐ±Ð½Ð¾Ð²Ð¸Ñ‚ÑŒ Ð¸ ÑÐ¾Ð·Ð´Ð°Ñ‚ÑŒ ÐµÑ‰Ðµ,,,,,,,,,,,,,,,,Actualizar y creatr nuevo,,,,,,,,,,,,,,,,,,,,,,,,,,,,,,
select.empty-text,Sorry, no matching options.,,,,,,,,,,,,,,,,,,,,,,,,,è¯·é€‰æ‹©é€‰é¡¹,,,,OmlouvÃ¡m se, Å¾Ã¡dnÃ¡ shoda.,,,,,,,,DÃ©solÃ©, aucune correspondance trouvÃ©e.,,,,,,Entschuldige, keine treffenden Optionen,,,,,,,,,,,,,,,,,,,,...nessuna opzione,,,,,,,,,,,,,,,,,,,,,,,,,,,,Sorry, geen overeenkomstige opties.,Beklager, ingen alternativ matcher valget.,,,,,Nie znaleziono pasujÄ…cych parametrÃ³w.,Desculpe, nada foi encontrado.,Desculpe, nada foi encontrado.,,,,,ÐÐµÑ‚ ÑÐ¾Ð¾Ñ‚Ð²ÐµÑ‚ÑÑ‚Ð²ÑƒÑŽÑ‰Ð¸Ñ… Ð¿Ð°Ñ€Ð°Ð¼ÐµÑ‚Ñ€Ð¾Ð².,,,,,,,,,,,,,,,,No hay coincidencias.,,,,,,,,,,,,,,,,,,,,,,,,,,,,,,
uploader.dropzone-text,or drop new files here,,,,,,,,,,,,,,,,,,,,,,,,,æˆ–è€…å°†æ–‡ä»¶æ‹–æ‹½è‡³æ­¤å¤„,,,,nebo pÅ™etÃ¡hnÄ›te soubory sem,,,,,,,,ou faites glisser de nouveaux fichiers ici,,,,,,oder neue Dateien hier ablegen,,,,,,,,,,,,,,,,,,,,o trascina i file qui,,,,,,,,,,,,,,,,,,,,,,,,,,,,of sleep nieuwe bestanden naar hier,eller dra- og slipp filer her,,,,,lub upuÅ›Ä‡ pliki tutaj,ou solte novos ficheiros aqui,ou solte novos arquivos aqui,,,,,Ð¸Ð»Ð¸ Ð¿ÐµÑ€ÐµÑ‚Ð°Ñ‰Ð¸Ñ‚Ðµ ÑÑŽÐ´Ð° Ñ„Ð°Ð¹Ð»Ñ‹.,,,,,,,,,,,,,,,,o arrastre los archivos aquÃ­.,,,,,,,,,,,,,,,,,,,,,,,,,,,,,,
uploader.upload-btn-label,Add new,,,,,,,,,,,,,,,,,,,,,,,,,ä¸Šä¼ æ–‡ä»¶,,,,PÅ™idat,,,,,,,,Ajouter,,,,,,Neu hinzufÃ¼gen,,,,,,,,,,,,,,,,,,,,Aggiungi,,,,,,,,,,,,,,,,,,,,,,,,,,,,Nieuw toevoegen,Last opp,,,,,Dodaj nowy,Criar novo,Criar novo,,,,,Ð—Ð°Ð³Ñ€ÑƒÐ·Ð¸Ñ‚Ðµ,,,,,,,,,,,,,,,,Agregar nuevo,,,,,,,,,,,,,,,,,,,,,,,,,,,,,,
user-management.2fa,2-factor authentication,,,,,,,,,,,,,,,,,,,,,,,,,åŒé‡éªŒè¯,,,,DvoufÃ¡zovÃ© ovÄ›Å™enÃ­,,,,,,,,Identification a 2 facteurs,,,,,,,,,,,,,,,,,,,,,,,,,,,,,,,,,,,,,,,,,,,,,,,,,,,,,,Tweestapsauthenticatie,,,,,,uwierzytelnianie dwuskÅ‚adnikowe,,,,,,,2-Ñ„Ð°ÐºÑ‚Ð¾Ñ€Ð¾Ð½Ð°Ñ Ð°ÑƒÑ‚ÐµÐ½Ñ‚Ð¸Ñ„Ð¸ÐºÐ°Ñ†Ð¸Ñ,,,,,,,,,,,,,,,,,,,,,,,,,,,,,,,,,,,,,,,,,,,,,,
user-management.2fa-description,Please scan this QR code with a Google Authenticator compatible application and enter your one time password below before submitting. See a list of compatible applications <a href=:link target=_blank rel=noopener>here</a>.,,,,,,,,,,,,,,,,,,,,,,,,,è¯·ç”¨Google Authenticatoræˆ–ç›¸ä¼¼å…¼å®¹è½¯ä»¶æ‰«ææ­¤äºŒç»´ç ï¼Œå¹¶è¾“å…¥ä¸€æ¬¡æ€§å¯†ç ã€‚<a href=:link target=_blank rel=noopener>å…¼å®¹åˆ—è¡¨</a>.,,,,ProsÃ­m naskenujte tento QR kÃ³d s aplikacÃ­ komptabilnÃ­ s Google Authenticator a vloÅ¾te svÃ© jednorÃ¡zovÃ© heslo pÅ™ed uloÅ¾enÃ­m. Seznam kompatibilnÃ­ch aplikacÃ­ <a href=:link target=_blank rel=noopener>mÅ¯Å¾ete najÃ­t zde</a>.,,,,,,,,Veuillez scanner ce code QR avec une application compatible avec Google Authenticator et entrez votre mot de passe unique ci-dessous avant de le soumettre. Consultez la liste des applications compatibles <a href=:link target=_blank rel=noopener>ici</a>.,,,,,,,,,,,,,,,,,,,,,,,,,,,,,,,,,,,,,,,,,,,,,,,,,,,,,,Scan deze QR-code met een toepassing die compatibel is met Google Authenticator en voer hieronder uw eenmalige wachtwoord in voordat u deze verzendt. Bekijk <a href=:link target=_blank rel=noopener>hier</a> een lijst met compatibele applicaties.,,,,,,Zeskanuj ten kod QR w aplikacji kompatybilnej z Google Authenticator i wprowadÅº swÃ³j jednorazowy kod do poniÅ¼szego pola. <a href=:link target=_blank rel=noopener>Tutaj</a> moÅ¼esz znaleÅºÄ‡Â listÄ™ kompatybilnych aplikacji.,,,,,,,,,,,,,,,,,,,,,,,,,,,,,,,,,,,,,,,,,,,,,,,,,,,,,
user-management.2fa-disable,Enter your one time password to disable the 2-factor authentication,,,,,,,,,,,,,,,,,,,,,,,,,è¯·è¾“å…¥ä½ çš„ä¸€æ¬¡æ€§å¯†ç æ¥å…³é—­åŒé‡éªŒè¯,,,,VloÅ¾te svÃ© jednorÃ¡zovÃ© heslo pro vypnutÃ­ dvoufaktorovÃ©ho ovÄ›Å™enÃ­,,,,,,,,Entrez votre mot de passe unique pour dÃ©sactiver l'authentification Ã  2 facteurs,,,,,,,,,,,,,,,,,,,,,,,,,,,,,,,,,,,,,,,,,,,,,,,,,,,,,,Vul uw eenmalige wachtwoord in om de tweestapsauthenticatie uit te schakelen,,,,,,Podaj swÃ³j kod jednorazowy aby wyÅ‚Ä…czyÄ‡ uwierzytelnianie dwuskÅ‚adnikowe,,,,,,,,,,,,,,,,,,,,,,,,,,,,,,,,,,,,,,,,,,,,,,,,,,,,,
user-management.active,Active,,,,,,,,,,,,,,,,,,,,,,,,,å·²æ¿€æ´»,,,,AktivnÃ­,,,,,,,,Actif,,,,,,Aktiv,,,,,,,,,,,,,,,,,,,,Attivi,,,,,,,,,,,,,,,,,,,,,,,,,,,,Actief,Aktive,,,,,Aktywny,Ativo,Ativo,,,,,ÐÐºÑ‚Ð¸Ð²Ð½Ñ‹Ðµ,,,,,,,,,,,,,,,,Activar,,,,,,,,,,,,,,,,,,,,,,,,,,,,,,
user-management.cancel,Cancel,,,,,,,,,,,,,,,,,,,,,,,,,å–æ¶ˆ,,,,ZruÅ¡it,,,,,,,,Annuler,,,,,,Abbrechen,,,,,,,,,,,,,,,,,,,,Annulla,,,,,,,,,,,,,,,,,,,,,,,,,,,,Annuleren,Avbryt,,,,,Anuluj,Cancelar,Cancelar,,,,,ÐžÑ‚Ð¼ÐµÐ½Ð°,,,,,,,,,,,,,,,,Cancelar,,,,,,,,,,,,,,,,,,,,,,,,,,,,,,
user-management.content-fieldset-label,User settings,,,,,,,,,,,,,,,,,,,,,,,,,ç”¨æˆ·è®¾ç½®,,,,UÅ¾ivatelskÃ© nastavenÃ­,,,,,,,,ParamÃ¨tres utilisateur,,,,,,Benutzer Einstellungen,,,,,,,,,,,,,,,,,,,,Impostazioni utente,,,,,,,,,,,,,,,,,,,,,,,,,,,,Gebruikersinstellingen,Brukerinnstilling,,,,,Ustawienia uÅ¼ytkownika,ConfiguraÃ§Ãµes do utilizador,ConfiguraÃ§Ãµes do usuÃ¡rio,,,,,ÐÐ°ÑÑ‚Ñ€Ð¾Ð¹ÐºÐ¸ Ð¿Ð¾Ð»ÑŒÐ·Ð¾Ð²Ð°Ñ‚ÐµÐ»Ñ,,,,,,,,,,,,,,,,ConfiguraciÃ³n de Usuario,,,,,,,,,,,,,,,,,,,,,,,,,,,,,,
user-management.description,Description,,,,,,,,,,,,,,,,,,,,,,,,,æè¿°,,,,Popis,,,,,,,,Description,,,,,,,,,,,,,,,,,,,,,,,,,,,,,,,,,,,,,,,,,,,,,,,,,,,,,,Omschrijving,,,,,,Opis,,,,,,,ÐžÐ¿Ð¸ÑÐ°Ð½Ð¸Ðµ,,,,,,,,,,,,,,,,,,,,,,,,,,,,,,,,,,,,,,,,,,,,,,
user-management.disabled,Disabled,,,,,,,,,,,,,,,,,,,,,,,,,å·²åœç”¨,,,,ZakÃ¡zÃ¡no,,,,,,,,DÃ©sactivÃ©,,,,,,Deaktiviert,,,,,,,,,,,,,,,,,,,,Disabilitati,,,,,,,,,,,,,,,,,,,,,,,,,,,,Uitgeschakeld,Deaktivert,,,,,Nieaktywny,Desabilitado,Desabilitado,,,,,ÐžÑ‚ÐºÐ»ÑŽÑ‡ÐµÐ½Ð½Ñ‹Ðµ,,,,,,,,,,,,,,,,Deshabilitar,,,,,,,,,,,,,,,,,,,,,,,,,,,,,,
user-management.edit-modal-title,Edit user name,,,,,,,,,,,,,,,,,,,,,,,,,ä¿®æ”¹åå­—,,,,Upravit uÅ¾ivatelskÃ© jmÃ©no,,,,,,,,Ã‰diter le nom dâ€™utilisateur,,,,,,Benutzername bearbeiten,,,,,,,,,,,,,,,,,,,,Modifica il nominativo,,,,,,,,,,,,,,,,,,,,,,,,,,,,Bewerk gebruikersnaam,Rediger brukernavn,,,,,ZmieÅ„ nazwe uÅ¼ytkownika,Alterar nome do utilizador,Alterar nome do usuÃ¡rio,,,,,Ð˜Ð·Ð¼ÐµÐ½Ð¸Ñ‚ÑŒ Ð¸Ð¼Ñ,,,,,,,,,,,,,,,,Editar nombre de usuario,,,,,,,,,,,,,,,,,,,,,,,,,,,,,,
user-management.email,Email,,,,,,,,,,,,,,,,,,,,,,,,,é‚®ç®±,,,,E-mail,,,,,,,,Email,,,,,,Email,,,,,,,,,,,,,,,,,,,,Email,,,,,,,,,,,,,,,,,,,,,,,,,,,,E-mail,Epost,,,,,Email,Correio eletrÃ³nico,E-mail,,,,,Email,,,,,,,,,,,,,,,,Email,,,,,,,,,,,,,,,,,,,,,,,,,,,,,,
user-management.enable-user,Enable user,,,,,,,,,,,,,,,,,,,,,,,,,æ¿€æ´»ç”¨æˆ·,,,,Povolit uÅ¾ivatele,,,,,,,,Activer lâ€™utilisateur,,,,,,Benutzer aktivieren,,,,,,,,,,,,,,,,,,,,Abilita,,,,,,,,,,,,,,,,,,,,,,,,,,,,Gebruiker inschakelen,Aktiver bruker,,,,,Uaktywnij uÅ¼ytkownika,Habilitar utilizador,Habilitar usuÃ¡rio,,,,,Ð’ÐºÐ»ÑŽÑ‡Ð¸Ñ‚ÑŒ Ð¿Ð¾Ð»ÑŒÐ·Ð¾Ð²Ð°Ñ‚ÐµÐ»Ñ,,,,,,,,,,,,,,,,Habilitar usuario,,,,,,,,,,,,,,,,,,,,,,,,,,,,,,
user-management.enable-user-and-close,Enable user and close,,,,,,,,,,,,,,,,,,,,,,,,,æ¿€æ´»ç”¨æˆ·å¹¶å…³é—­å½“å‰çª—å£,,,,Povolit uÅ¾ivatele a zavÅ™Ã­t,,,,,,,,Activer l'utilisateur et fermer,,,,,,Benutzer aktivieren und schlieÃŸen,,,,,,,,,,,,,,,,,,,,Abilita e chiudi,,,,,,,,,,,,,,,,,,,,,,,,,,,,Gebruiker inschakelen en sluiten,Aktiver bruker og lukk,,,,,Uaktywnij uÅ¼ytkownika i zamknij,Habilitar utilizador e fechar,Habilitar usuÃ¡rio e fechar,,,,,Ð’ÐºÐ»ÑŽÑ‡Ð¸Ñ‚ÑŒ Ð¿Ð¾Ð»ÑŒÐ·Ð¾Ð²Ð°Ñ‚ÐµÐ»Ñ Ð¸ Ð·Ð°ÐºÑ€Ñ‹Ñ‚ÑŒ,,,,,,,,,,,,,,,,Habilitar usuario y cerrar,,,,,,,,,,,,,,,,,,,,,,,,,,,,,,
user-management.enable-user-and-create-new,Enable user and create new,,,,,,,,,,,,,,,,,,,,,,,,,æ¿€æ´»ç”¨æˆ·å¹¶åˆ›å»ºæ–°ç”¨æˆ·,,,,Povolit uÅ¾ivatele a vytvoÅ™it novÃ©ho,,,,,,,,Activer l'utilisateur et crÃ©er un nouveau,,,,,,Benutzer aktivieren und neu erstellen,,,,,,,,,,,,,,,,,,,,Abilita e crea nuovo,,,,,,,,,,,,,,,,,,,,,,,,,,,,Gebruiker inschakelen en nieuwe aanmaken,Aktiver bruker og opprett ny,,,,,Uaktywnij uÅ¼ytkownika i dodaj nowego,Habilitar utilizador e criar outro,Habilitar usuÃ¡rio e criar outro,,,,,Ð’ÐºÐ»ÑŽÑ‡Ð¸Ñ‚ÑŒ Ð¿Ð¾Ð»ÑŒÐ·Ð¾Ð²Ð°Ñ‚ÐµÐ»Ñ Ð¸ ÑÐ¾Ð·Ð´Ð°Ñ‚ÑŒ ÐµÑ‰Ðµ,,,,,,,,,,,,,,,,Habilitar usuario y crear nuevo,,,,,,,,,,,,,,,,,,,,,,,,,,,,,,
user-management.enabled,Enabled,,,,,,,,,,,,,,,,,,,,,,,,,å·²æ¿€æ´»,,,,Povolen,,,,,,,,ActivÃ©,,,,,,Aktiviert,,,,,,,,,,,,,,,,,,,,Abilitati,,,,,,,,,,,,,,,,,,,,,,,,,,,,Ingeschakeld,Enabled,,,,,Aktywny,Habilitado,Habilitado,,,,,Ð’ÐºÐ»ÑŽÑ‡ÐµÐ½Ð½Ñ‹Ðµ,,,,,,,,,,,,,,,,Habilitar,,,,,,,,,,,,,,,,,,,,,,,,,,,,,,
user-management.language,Language,,,,,,,,,,,,,,,,,,,,,,,,,è¯­è¨€,,,,Jazyk,,,,,,,,Language,,,,,,,,,,,,,,,,,,,,,,,,,,,,,,,,,,,,,,,,,,,,,,,,,,,,,,Taal,,,,,,JÄ™zyk,,,,,,,Ð¯Ð·Ñ‹Ðº,,,,,,,,,,,,,,,,,,,,,,,,,,,,,,,,,,,,,,,,,,,,,,
user-management.language-placeholder,Select a language,,,,,,,,,,,,,,,,,,,,,,,,,é€‰æ‹©è¯­è¨€,,,,Vyberte jazyk,,,,,,,,SÃ©lectionner une langue,,,,,,,,,,,,,,,,,,,,,,,,,,,,,,,,,,,,,,,,,,,,,,,,,,,,,,Selecteer een taal,,,,,,Wybierz jÄ™zyk,,,,,,,Ð’Ñ‹Ð±ÐµÑ€Ð¸Ñ‚Ðµ ÑÐ·Ñ‹Ðº,,,,,,,,,,,,,,,,,,,,,,,,,,,,,,,,,,,,,,,,,,,,,,
user-management.name,Name,,,,,,,,,,,,,,,,,,,,,,,,,åå­—,,,,JmÃ©no,,,,,,,,Nom,,,,,,Name,,,,,,,,,,,,,,,,,,,,Nominativo,,,,,,,,,,,,,,,,,,,,,,,,,,,,Naam,Navn,,,,,Nazwa,Nome,Nome,,,,,Ð˜Ð¼Ñ,,,,,,,,,,,,,,,,Nombre,,,,,,,,,,,,,,,,,,,,,,,,,,,,,,
user-management.otp,One time password,,,,,,,,,,,,,,,,,,,,,,,,,ä¸€æ¬¡æ€§å¯†ç ,,,,JednorÃ¡zovÃ© heslo,,,,,,,,Password Ã  usage unique,,,,,,,,,,,,,,,,,,,,,,,,,,,,,,,,,,,,,,,,,,,,,,,,,,,,,,Eenmalig wachtwoord,,,,,,Kod jednorazowy,,,,,,,ÐžÐ´Ð½Ð¾Ñ€Ð°Ð·Ð¾Ð²Ñ‹Ð¹ Ð¿Ð°Ñ€Ð¾Ð»ÑŒ,,,,,,,,,,,,,,,,,,,,,,,,,,,,,,,,,,,,,,,,,,,,,,
user-management.profile-image,Profile image,,,,,,,,,,,,,,,,,,,,,,,,,å¤´åƒ,,,,ProfilovÃ½ obrÃ¡zek,,,,,,,,Image de profil,,,,,,,,,,,,,,,,,,,,,,,,,,,,,,,,,,,,,,,,,,,,,,,,,,,,,,Profielfoto,,,,,,ZdjÄ™cie profilowe,,,,,,,Ð˜Ð·Ð¾Ð±Ñ€Ð°Ð¶ÐµÐ½Ð¸Ðµ Ð¿Ñ€Ð¾Ñ„Ð¸Ð»Ñ,,,,,,,,,,,,,,,,,,,,,,,,,,,,,,,,,,,,,,,,,,,,,,
user-management.role,Role,,,,,,,,,,,,,,,,,,,,,,,,,è§’è‰²,,,,Role,,,,,,,,RÃ´le,,,,,,Rolle,,,,,,,,,,,,,,,,,,,,Ruolo,,,,,,,,,,,,,,,,,,,,,,,,,,,,Rol,Rolle,,,,,Rola,FunÃ§Ã£o,FunÃ§Ã£o,,,,,Ð Ð¾Ð»ÑŒ,,,,,,,,,,,,,,,,Rol,,,,,,,,,,,,,,,,,,,,,,,,,,,,,,
user-management.role-placeholder,Select a role,,,,,,,,,,,,,,,,,,,,,,,,,é€‰æ‹©ä¸€ä¸ªè§’è‰²,,,,Vyberte roli,,,,,,,,Selectionner un rÃ´le,,,,,,,,,,,,,,,,,,,,,,,,,,,,,,,,,,,,,,,,,,,,,,,,,,,,,,Selecteer een rol,,,,,,Wybierz rolÄ™,,,,,,,Ð’Ñ‹Ð±ÐµÑ€Ð¸Ñ‚Ðµ Ñ€Ð¾Ð»ÑŒ,,,,,,,,,,,,,,,,,,,,,,,,,,,,,,,,,,,,,,,,,,,,,,
user-management.title,Title,,,,,,,,,,,,,,,,,,,,,,,,,æ ‡é¢˜,,,,Nadpis,,,,,,,,Titre,,,,,,,,,,,,,,,,,,,,,,,,,,,,,,,,,,,,,,,,,,,,,,,,,,,,,,Titel,,,,,,TytuÅ‚,,,,,,,Ð—Ð°Ð³Ð¾Ð»Ð¾Ð²Ð¾Ðº,,,,,,,,,,,,,,,,,,,,,,,,,,,,,,,,,,,,,,,,,,,,,,
user-management.trash,Trash,,,,,,,,,,,,,,,,,,,,,,,,,å·²åˆ é™¤,,,,KoÅ¡,,,,,,,,Corbeille,,,,,,Papierkorb,,,,,,,,,,,,,,,,,,,,Cestino,,,,,,,,,,,,,,,,,,,,,,,,,,,,Prullenbak,SÃ¸ppel,,,,,Kosz,Lixeira,Lixeira,,,,,Ð’ ÐºÐ¾Ñ€Ð·Ð¸Ð½Ðµ,,,,,,,,,,,,,,,,Borrados,,,,,,,,,,,,,,,,,,,,,,,,,,,,,,
user-management.update,Update,,,,,,,,,,,,,,,,,,,,,,,,,æ›´æ–°,,,,Aktualizovat,,,,,,,,Mettre Ã  jour,,,,,,Aktualisieren,,,,,,,,,,,,,,,,,,,,Aggiorna,,,,,,,,,,,,,,,,,,,,,,,,,,,,Bijwerken,Oppdater,,,,,Zapisz,Atualizar,Atualizar,,,,,ÐžÐ±Ð½Ð¾Ð²Ð¸Ñ‚ÑŒ,,,,,,,,,,,,,,,,Actualizar,,,,,,,,,,,,,,,,,,,,,,,,,,,,,,
user-management.update-and-close,Update and close,,,,,,,,,,,,,,,,,,,,,,,,,æ›´æ–°å¹¶å…³é—­å½“å‰çª—å£,,,,Aktualizovat a zavÅ™Ã­t,,,,,,,,Mettre Ã  jour et fermer,,,,,,Aktualisieren und schlieÃŸen,,,,,,,,,,,,,,,,,,,,Aggiorna e chiudi,,,,,,,,,,,,,,,,,,,,,,,,,,,,Bijwerken en sluiten,Oppdater og lukk,,,,,Zapisz i zamknij,Atualizar e fechar,Atualizar e fechar,,,,,ÐžÐ±Ð½Ð¾Ð²Ð¸Ñ‚ÑŒ Ð¸ Ð·Ð°ÐºÑ€Ñ‹Ñ‚ÑŒ,,,,,,,,,,,,,,,,Actualizar y cerrar,,,,,,,,,,,,,,,,,,,,,,,,,,,,,,
user-management.update-and-create-new,Update and create new,,,,,,,,,,,,,,,,,,,,,,,,,æ›´æ–°å¹¶åˆ›å»ºæ–°ç”¨æˆ·,,,,Aktualizovat a vytvoÅ™it novÃ©ho,,,,,,,,Mettre Ã  jour et crÃ©er un nouveau,,,,,,Aktualisieren und neu erstellen,,,,,,,,,,,,,,,,,,,,Aggiorna e crea nuovo,,,,,,,,,,,,,,,,,,,,,,,,,,,,Bijwerken en nieuwe aanmaken,Oppdater og opprett ny,,,,,Zapisz i dodaj nowego,Atualizar e criar outro,Atualizar e criar outro,,,,,ÐžÐ±Ð½Ð¾Ð²Ð¸Ñ‚ÑŒ Ð¸ ÑÐ¾Ð·Ð´Ð°Ñ‚ÑŒ ÐµÑ‰Ðµ,,,,,,,,,,,,,,,,Actualizar t crear nuevo,,,,,,,,,,,,,,,,,,,,,,,,,,,,,,
user-management.update-disabled-and-close,Update disabled and close,,,,,,,,,,,,,,,,,,,,,,,,,æ›´æ–°å¹¶å…³é—­çª—å£,,,,Aktualizovat deaktiovanÃ©ho uÅ¾ivatele a zavÅ™Ã­t,,,,,,,,Mettre Ã  jour l'utilisateur dÃ©sactivÃ© et fermer,,,,,,Deaktivierten aktualisieren und schlieÃŸen,,,,,,,,,,,,,,,,,,,,Disabilita e chiudi,,,,,,,,,,,,,,,,,,,,,,,,,,,,Uitgeschakeld bijwerken en sluiten,Oppdater deaktivert bruker og lukk,,,,,Zapisz nieaktywnego uÅ¼ytkownika i zamknij,Atualizar desabilitado e fechar,Atualizar desabilitado e fechar,,,,,ÐžÐ±Ð½Ð¾Ð²Ð¸Ñ‚ÑŒ Ð¾Ñ‚ÐºÐ»ÑŽÑ‡ÐµÐ½Ð½Ð¾Ð³Ð¾ Ð¿Ð¾Ð»ÑŒÐ·Ð¾Ð²Ð°Ñ‚ÐµÐ»Ñ Ð¸ Ð·Ð°ÐºÑ€Ñ‹Ñ‚ÑŒ,,,,,,,,,,,,,,,,Actualizar usuario deshabilitado y cerrar,,,,,,,,,,,,,,,,,,,,,,,,,,,,,,
user-management.update-disabled-user,Update disabled user,,,,,,,,,,,,,,,,,,,,,,,,,æ›´æ–°,,,,Aktualizovat deaktiovanÃ©ho uÅ¾ivatele,,,,,,,,Mettre Ã  jour l'utilisateur dÃ©sactivÃ©,,,,,,Deaktivierten Benutzer aktualisieren,,,,,,,,,,,,,,,,,,,,Disabilita,,,,,,,,,,,,,,,,,,,,,,,,,,,,Uitgeschakelde gebruiker bijwerken,Oppdater deaktivert bruker,,,,,Zapisz nieaktywnego uÅ¼ytkownika,Atualizar utilizador desabilitado,Atualizar usuÃ¡rio desabilitado,,,,,ÐžÐ±Ð½Ð¾Ð²Ð¸Ñ‚ÑŒ Ð¾Ñ‚ÐºÐ»ÑŽÑ‡ÐµÐ½Ð½Ð¾Ð³Ð¾ Ð¿Ð¾Ð»ÑŒÐ·Ð¾Ð²Ð°Ñ‚ÐµÐ»Ñ,,,,,,,,,,,,,,,,Actualizar usuario deshabilitado,,,,,,,,,,,,,,,,,,,,,,,,,,,,,,
user-management.update-disabled-user-and-create-new,Update disabled user and create new,,,,,,,,,,,,,,,,,,,,,,,,,æ›´æ–°å¹¶åˆ›å»ºæ–°ç”¨æˆ·,,,,Aktualizovat deaktivovanÃ©ho uÅ¾ivatele a vytvoÅ™it novÃ©ho,,,,,,,,Mettre Ã  jour l'utilisateur dÃ©sactivÃ© et crÃ©er un nouveau,,,,,,Deaktivierten Benutzer aktualisieren und neuen erstellen,,,,,,,,,,,,,,,,,,,,Disabilita e crea nuovo,,,,,,,,,,,,,,,,,,,,,,,,,,,,Uitgeschakelde gebruiker bijwerken en nieuwe aanmaken,Oppdater deaktivert bruker og opprett ny,,,,,Zapisz nieaktywnego uÅ¼ytkownika i dodaj nowego,Atualizar utilizador desabilitado e criar outro,Atualizar usuÃ¡rio desabilitado e criar outro,,,,,ÐžÐ±Ð½Ð¾Ð²Ð¸Ñ‚ÑŒ Ð¾Ñ‚ÐºÐ»ÑŽÑ‡ÐµÐ½Ð½Ð¾Ð³Ð¾ Ð¿Ð¾Ð»ÑŒÐ·Ð¾Ð²Ð°Ñ‚ÐµÐ»Ñ Ð¸ ÑÐ¾Ð·Ð´Ð°Ñ‚ÑŒ ÐµÑ‰Ðµ,,,,,,,,,,,,,,,,Actualizar usuario deshabilitado y crear nuevo,,,,,,,,,,,,,,,,,,,,,,,,,,,,,,
user-management.user-image,Image,,,,,,,,,,,,,,,,,,,,,,,,,å¤´åƒ,,,,ObrÃ¡zek,,,,,,,,Image,,,,,,Bild,,,,,,,,,,,,,,,,,,,,Immagine utente,,,,,,,,,,,,,,,,,,,,,,,,,,,,Afbeelding,Bilde,,,,,ZdjÄ™cie,Imagem,Imagem,,,,,Ð˜Ð·Ð¾Ð±Ñ€Ð°Ð¶ÐµÐ½Ð¸Ðµ,,,,,,,,,,,,,,,,Imagen,,,,,,,,,,,,,,,,,,,,,,,,,,,,,,
user-management.users,Users,,,,,,,,,,,,,,,,,,,,,,,,,ç”¨æˆ·,,,,UÅ¾ivatelÃ©,,,,,,,,Utilisateurs,,,,,,Benutzer,,,,,,,,,,,,,,,,,,,,Utenti,,,,,,,,,,,,,,,,,,,,,,,,,,,,Gebruikers,Brukere,,,,,UÅ¼ytkownicy,Utilizadores,UsuÃ¡rios,,,,,ÐŸÐ¾Ð»ÑŒÐ·Ð¾Ð²Ð°Ñ‚ÐµÐ»Ð¸,,,,,,,,,,,,,,,,Usuarios,,,,,,,,,,,,,,,,,,,,,,,,,,,,,,
nav.close-menu,Close menu,,,,,,,,,,,,,,,,,,,,,,,,,,,,,ZavÅ™Ã­t menu,,,,,,,,Fermer le menu,,,,,,,,,,,,,,,,,,,,,,,,,,,,,,,,,,,,,,,,,,,,,,,,,,,,,,Menu sluiten,,,,,,,,,,,,,Ð—Ð°ÐºÑ€Ñ‹Ñ‚ÑŒ Ð¼ÐµÐ½ÑŽ,,,,,,,,,,,,,,,,,,,,,,,,,,,,,,,,,,,,,,,,,,,,,,
publisher.parent-page,Parent page,,,,,,,,,,,,,,,,,,,,,,,,,,,,,NadÅ™azenÃ¡ strÃ¡nka,,,,,,,,Page parente,,,,,,,,,,,,,,,,,,,,,,,,,,,,,,,,,,,,,,,,,,,,,,,,,,,,,,Bovenliggende pagina,,,,,,,,,,,,,,,,,,,,,,,,,,,,,,,,,,,,,,,,,,,,,,,,,,,,,,,,,,,
publisher.review-status,Review status,,,,,,,,,,,,,,,,,,,,,,,,,,,,,Stav kontroly,,,,,,,,Statut de rÃ©vision,,,,,,,,,,,,,,,,,,,,,,,,,,,,,,,,,,,,,,,,,,,,,,,,,,,,,,Beoordelingsstatus,,,,,,,,,,,,,,,,,,,,,,,,,,,,,,,,,,,,,,,,,,,,,,,,,,,,,,,,,,,
publisher.visibility,Visibility,,,,,,,,,,,,,,,,,,,,,,,,,,,,,Viditelnost,,,,,,,,VisibilitÃ©,,,,,,,,,,,,,,,,,,,,,,,,,,,,,,,,,,,,,,,,,,,,,,,,,,,,,,Zichtbaarheid,,,,,,,,,,,,,,,,,,,,,,,,,,,,,,,,,,,,,,,,,,,,,,,,,,,,,,,,,,,
modal.done.button,Done,,,,,,,,,,,,,,,,,,,,,,,,,,,,,Hotovo,,,,,,,,Continuer,,,,,,,,,,,,,,,,,,,,,,,,,,,,,,,,,,,,,,,,,,,,,,,,,,,,,,Gereed,,,,,,,,,,,,,,,,,,,,,,,,,,,,,,,,,,,,,,,,,,,,,,,,,,,,,,,,,,,
media-library.unused-filter-label,Show unused only,,,,,,,,,,,,,,,,,,,,,,,,,,,,,UkÃ¡zat jen nepouÅ¾itÃ©,,,,,,,,,,,,,,,,,,,,,,,,,,,,,,,,,,,,,,,,,,,,,,,,,,,,,,,,,,,,,,Toon alleen ongebruikt,,,,,,,,,,,,,ÐŸÐ¾ÐºÐ°Ð·Ð°Ñ‚ÑŒ Ñ‚Ð¾Ð»ÑŒÐºÐ¾ Ð½ÐµÐ¸ÑÐ¿Ð¾Ð»ÑŒÐ·ÑƒÐµÐ¼Ñ‹Ðµ,,,,,,,,,,,,,,,,,,,,,,,,,,,,,,,,,,,,,,,,,,,,,,
fields.block-editor.add-item,Add item,,,,,,,,,,,,,,,,,,,,,,,,,,,,,,,,,,,,,,,,,,,,,,,,,,,,,,,,,,,,,,,,,,,,,,,,,,,,,,,,,,,,,,,,,,,Voeg item toe,,,,,,,,,,,,,,,,,,,,,,,,,,,,,,,,,,,,,,,,,,,,,,,,,,,,,,,,,,,
dashboard.activities.created,Created,,,,,,,,,,,,,,,,,,,,,,,,,,,,,,,,,,,,,,,,,,,,,,,,,,,,,,,,,,,,,,,,,,,,,,,,,,,,,,,,,,,,,,,,,,,Gemaakt,,,,,,,,,,,,,,,,,,,,,,,,,,,,,,,,,,,,,,,,,,,,,,,,,,,,,,,,,,,
dashboard.activities.updated,Updated,,,,,,,,,,,,,,,,,,,,,,,,,,,,,,,,,,,,,,,,,,,,,,,,,,,,,,,,,,,,,,,,,,,,,,,,,,,,,,,,,,,,,,,,,,,Bijgewerkt,,,,,,,,,,,,,,,,,,,,,,,,,,,,,,,,,,,,,,,,,,,,,,,,,,,,,,,,,,,
dashboard.activities.unpublished,Unpublished,,,,,,,,,,,,,,,,,,,,,,,,,,,,,,,,,,,,,,,,,,,,,,,,,,,,,,,,,,,,,,,,,,,,,,,,,,,,,,,,,,,,,,,,,,,Ongepubliceerd,,,,,,,,,,,,,,,,,,,,,,,,,,,,,,,,,,,,,,,,,,,,,,,,,,,,,,,,,,,
dashboard.activities.published,Published,,,,,,,,,,,,,,,,,,,,,,,,,,,,,,,,,,,,,,,,,,,,,,,,,,,,,,,,,,,,,,,,,,,,,,,,,,,,,,,,,,,,,,,,,,,Gepubliceerd,,,,,,,,,,,,,,,,,,,,,,,,,,,,,,,,,,,,,,,,,,,,,,,,,,,,,,,,,,,
dashboard.activities.featured,Featured,,,,,,,,,,,,,,,,,,,,,,,,,,,,,,,,,,,,,,,,,,,,,,,,,,,,,,,,,,,,,,,,,,,,,,,,,,,,,,,,,,,,,,,,,,,Uitgelicht,,,,,,,,,,,,,,,,,,,,,,,,,,,,,,,,,,,,,,,,,,,,,,,,,,,,,,,,,,,
dashboard.activities.unfeatured,Unfeatured,,,,,,,,,,,,,,,,,,,,,,,,,,,,,,,,,,,,,,,,,,,,,,,,,,,,,,,,,,,,,,,,,,,,,,,,,,,,,,,,,,,,,,,,,,,Niet uitgelicht,,,,,,,,,,,,,,,,,,,,,,,,,,,,,,,,,,,,,,,,,,,,,,,,,,,,,,,,,,,
dashboard.activity-row.edit,Edit,,,,,,,,,,,,,,,,,,,,,,,,,,,,,,,,,,,,,,,,,,,,,,,,,,,,,,,,,,,,,,,,,,,,,,,,,,,,,,,,,,,,,,,,,,,Bewerken,,,,,,,,,,,,,,,,,,,,,,,,,,,,,,,,,,,,,,,,,,,,,,,,,,,,,,,,,,,
dashboard.activity-row.view-permalink,View Permalink,,,,,,,,,,,,,,,,,,,,,,,,,,,,,,,,,,,,,,,,,,,,,,,,,,,,,,,,,,,,,,,,,,,,,,,,,,,,,,,,,,,,,,,,,,,Bekijk permalink,,,,,,,,,,,,,,,,,,,,,,,,,,,,,,,,,,,,,,,,,,,,,,,,,,,,,,,,,,,
dashboard.activity-row.by,by,,,,,,,,,,,,,,,,,,,,,,,,,,,,,,,,,,,,,,,,,,,,,,,,,,,,,,,,,,,,,,,,,,,,,,,,,,,,,,,,,,,,,,,,,,,door,,,,,,,,,,,,,,,,,,,,,,,,,,,,,,,,,,,,,,,,,,,,,,,,,,,,,,,,,,,
dashboard.unknown-author,Unknown,,,,,,,,,,,,,,,,,,,,,,,,,,,,,,,,,,,,,,,,,,,,,,,,,,,,,,,,,,,,,,,,,,,,,,,,,,,,,,,,,,,,,,,,,,,Onbekend,,,,,,,,,,,,,,,,,,,,,,,,,,,,,,,,,,,,,,,,,,,,,,,,,,,,,,,,,,,
settings.update,Update,,,,,,,,,,,,,,,,,,,,,,,,,,,,,,,,,,,,,,,,,,,,,,,,,,,,,,,,,,,,,,,,,,,,,,,,,,,,,,,,,,,,,,,,,,,Bijwerken,,,,,,,,,,,,,,,,,,,,,,,,,,,,,,,,,,,,,,,,,,,,,,,,,,,,,,,,,,,
settings.cancel,Cancel,,,,,,,,,,,,,,,,,,,,,,,,,,,,,,,,,,,,,,,,,,,,,,,,,,,,,,,,,,,,,,,,,,,,,,,,,,,,,,,,,,,,,,,,,,,Annuleren,,,,,,,,,,,,,,,,,,,,,,,,,,,,,,,,,,,,,,,,,,,,,,,,,,,,,,,,,,,
settings.fieldset-label,Edit settings,,,,,,,,,,,,,,,,,,,,,,,,,,,,,,,,,,,,,,,,,,,,,,,,,,,,,,,,,,,,,,,,,,,,,,,,,,,,,,,,,,,,,,,,,,,Instellingen bewerken,,,,,,,,,,,,,,,,,,,,,,,,,,,,,,,,,,,,,,,,,,,,,,,,,,,,,,,,,,,
